corrupted,clean
dehoder,decoder
squence,sequence
gradient,gradient
encodei,encoder
attention,attention
attention,attention
archwitecture,architecture
gradien,gradient
algoruthm,algorithm
graduient,gradient
tcnsor,tensor
tynsor,tensor
deoder,decoder
edcoder,decoder
ptytorch,pytorch
pytorch,pytorch
attentjion,attention
grdient,gradient
zpytorch,pytorch
dedcoder,decoder
tensor,tensor
attention,attention
encoder,encoder
pytorc,pytorch
algorithm,algorithm
sequenoce,sequence
alsorithm,algorithm
algorithm,algorithm
squence,sequence
sequpnce,sequence
netwrok,network
decode,decoder
architenture,architecture
attntion,attention
algorthm,algorithm
algoruithm,algorithm
attetion,attention
alxgorithm,algorithm
gradient,gradient
sequenve,sequence
algorlithm,algorithm
attentin,attention
pytmorch,pytorch
sequnece,sequence
algoritho,algorithm
encode,encoder
gradient,gradient
alogrithm,algorithm
gradient,gradient
netwoxk,network
encodr,encoder
decder,decoder
gradient,gradient
tenor,tensor
decodr,decoder
pytnrch,pytorch
netwokrk,network
tlensor,tensor
deycoder,decoder
algorith,algorithm
algorrthm,algorithm
decoider,decoder
encodre,encoder
enoder,encoder
netowrk,network
pytorch,pytorch
architectnre,architecture
algorithm,algorithm
attetion,attention
encoder,encoder
algorihtm,algorithm
attentilon,attention
ntwork,network
teonsor,tensor
dceoder,decoder
encodr,encoder
alhgorithm,algorithm
encodenr,encoder
netwozrk,network
sequence,sequence
architecture,architecture
sequence,sequence
sequence,sequence
netork,network
bsequence,sequence
tensor,tensor
etnsor,tensor
sequqnce,sequence
tensovr,tensor
encode,encoder
svequence,sequence
pytorch,pytorch
decodher,decoder
pytorch,pytorch
gytorch,pytorch
networ,network
attentiof,attention
decoder,decoder
netwrok,network
debcoder,decoder
decoeer,decoder
ttention,attention
seqeunce,sequence
gradaent,gradient
attetion,attention
deoder,decoder
temsor,tensor
pytorch,pytorch
pytormh,pytorch
dedoder,decoder
decoder,decoder
tensor,tensor
attentin,attention
tsequence,sequence
alfgorithm,algorithm
sequezce,sequence
sequunce,sequence
tensro,tensor
seuqence,sequence
sequencxe,sequence
encoder,encoder
tensoc,tensor
atteniton,attention
thnsor,tensor
attenyion,attention
tenosr,tensor
lagorithm,algorithm
alogrithm,algorithm
decoder,decoder
gradienzt,gradient
teqsor,tensor
tensor,tensor
tradient,gradient
nntwork,network
neetwork,network
alorithm,algorithm
pytorah,pytorch
attention,attention
gradiet,gradient
netwjrk,network
encode,encoder
qnetwork,network
network,network
fecoder,decoder
sequece,sequence
gradient,gradient
pytormh,pytorch
algoribthm,algorithm
dscoder,decoder
netowrk,network
attetion,attention
ahchitecture,architecture
dceoder,decoder
architeture,architecture
architecture,architecture
encoder,encoder
pytorh,pytorch
arcihtecture,architecture
sequeyce,sequence
radient,gradient
network,network
network,network
sebuence,sequence
attenktion,attention
sequence,sequence
decoder,decoder
achitecture,architecture
tensopr,tensor
encoder,encoder
decdoer,decoder
zattention,attention
enmcoder,encoder
gradiena,gradient
network,network
necoder,encoder
algorithm,algorithm
teansor,tensor
encodnr,encoder
radient,gradient
dceoder,decoder
attention,attention
pytorch,pytorch
gradiont,gradient
gradeint,gradient
pytohrch,pytorch
decoder,decoder
necoder,encoder
gradient,gradient
ensor,tensor
encodwr,encoder
gradienzt,gradient
netwvork,network
seqence,sequence
squence,sequence
encoder,encoder
ecoder,encoder
grdient,gradient
algoritm,algorithm
gradeint,gradient
attention,attention
sequence,sequence
decocder,decoder
encoder,encoder
tenfor,tensor
saequence,sequence
decodker,decoder
entwork,network
arhitecture,architecture
decder,decoder
gradint,gradient
architecture,architecture
ytorch,pytorch
tenso,tensor
atwention,attention
texnsor,tensor
encdoer,encoder
decder,decoder
sequenc,sequence
sequednce,sequence
algorihm,algorithm
etwork,network
deoder,decoder
tensos,tensor
sequecne,sequence
architecture,architecture
sequenfe,sequence
architectue,architecture
pytorc,pytorch
necoder,decoder
aglorithm,algorithm
algoritam,algorithm
architceture,architecture
pyorch,pytorch
sequence,sequence
architsecture,architecture
decoer,decoder
decder,decoder
attentin,attention
tensor,tensor
netwok,network
pytorcy,pytorch
network,network
pytorxh,pytorch
sequnence,sequence
pytorch,pytorch
tknsor,tensor
pytocrh,pytorch
gradient,gradient
algoritym,algorithm
algoirithm,algorithm
netwok,network
encoper,encoder
sequqnce,sequence
attentkion,attention
algorithm,algorithm
enoder,encoder
decoyer,decoder
tesor,tensor
sevquence,sequence
gradiecnt,gradient
decoder,decoder
architecturre,architecture
architzcture,architecture
tensoor,tensor
encodexr,encoder
sequence,sequence
architecture,architecture
lgorithm,algorithm
algorithm,algorithm
algoritha,algorithm
architecture,architecture
tnsor,tensor
tensor,tensor
ecnoder,encoder
pytoch,pytorch
pytorc,pytorch
pytosrch,pytorch
algorithm,algorithm
tensor,tensor
tensor,tensor
txensor,tensor
tensor,tensor
tenqsor,tensor
aglorithm,algorithm
dencoder,encoder
gradixent,gradient
sequaence,sequence
graident,gradient
deocder,decoder
attentivon,attention
pytorch,pytorch
pytroch,pytorch
smquence,sequence
archstecture,architecture
decoer,decoder
tensr,tensor
attentson,attention
ptorch,pytorch
encodecr,encoder
tequence,sequence
seqqence,sequence
grdaient,gradient
yptorch,pytorch
archtiecture,architecture
upytorch,pytorch
attention,attention
ecoder,encoder
decover,decoder
atention,attention
deoder,decoder
aglorithm,algorithm
seqeunce,sequence
attevntion,attention
attention,attention
nletwork,network
algoritjm,algorithm
decvder,decoder
equence,sequence
netork,network
acrhitecture,architecture
decoder,decoder
tensor,tensor
slequence,sequence
tesnor,tensor
attentiion,attention
ecnoder,encoder
algoritkm,algorithm
radient,gradient
teosor,tensor
tensor,tensor
ntensor,tensor
deuoder,decoder
avttention,attention
hncoder,encoder
decodes,decoder
architeture,architecture
aglorithm,algorithm
radient,gradient
seqxuence,sequence
sequvnce,sequence
dceoder,decoder
tesnor,tensor
pytorhc,pytorch
agorithm,algorithm
sequence,sequence
decder,decoder
agorithm,algorithm
gradent,gradient
telsor,tensor
sequence,sequence
gradietn,gradient
attntion,attention
architeciture,architecture
ensoder,encoder
network,network
gradient,gradient
decoder,decoder
pyteorch,pytorch
archtiecture,architecture
architecture,architecture
architetcure,architecture
atterntion,attention
gradint,gradient
sequuence,sequence
oequence,sequence
tevsor,tensor
tensor,tensor
encoder,encoder
sequesce,sequence
netwgork,network
armchitecture,architecture
achitecture,architecture
gradient,gradient
pyporch,pytorch
algrithm,algorithm
ntework,network
dpcoder,decoder
gradienwt,gradient
encoer,encoder
seqeuence,sequence
networok,network
eecoder,encoder
ptyorch,pytorch
tenusor,tensor
sequencee,sequence
decyoder,decoder
architecture,architecture
archtecture,architecture
rlgorithm,algorithm
encodzer,encoder
gradient,gradient
netwsrk,network
tensyr,tensor
atention,attention
sbquence,sequence
sequence,sequence
encode,encoder
newtork,network
sequence,sequence
nfetwork,network
pdtorch,pytorch
sequene,sequence
algforithm,algorithm
seqeunce,sequence
ecoder,encoder
netwrk,network
attention,attention
netork,network
attentoin,attention
enxoder,encoder
tesor,tensor
nattention,attention
seuqence,sequence
gradient,gradient
sequence,sequence
pytorh,pytorch
gradient,gradient
netuwork,network
atetntion,attention
attetnion,attention
algortihm,algorithm
necoder,encoder
algoirthm,algorithm
sequenc,sequence
dttention,attention
grafient,gradient
squence,sequence
architectue,architecture
grdaient,gradient
encoder,encoder
tensor,tensor
architecture,architecture
graient,gradient
tensro,tensor
tensor,tensor
archietcture,architecture
grajdient,gradient
attention,attention
encodre,encoder
encodyr,encoder
algohrithm,algorithm
algrithm,algorithm
network,network
sequence,sequence
gradint,gradient
sequenwce,sequence
decoder,decoder
tesnor,tensor
mecoder,decoder
architceture,architecture
tatention,attention
architecture,architecture
encoder,encoder
sequece,sequence
encoder,encoder
attjntion,attention
ajttention,attention
attentkon,attention
network,network
grdient,gradient
gardient,gradient
ewncoder,encoder
arhcitecture,architecture
tensro,tensor
sequence,sequence
alttention,attention
algorithm,algorithm
pytrch,pytorch
tensbr,tensor
attetnion,attention
attntion,attention
decoder,decoder
algorithm,algorithm
agorithm,algorithm
tenror,tensor
seqfuence,sequence
pytorech,pytorch
architecture,architecture
attention,attention
encboder,encoder
gradient,gradient
tenysor,tensor
tensor,tensor
encoter,encoder
lgorithm,algorithm
architecturf,architecture
attzention,attention
algoritshm,algorithm
algorithm,algorithm
decoder,decoder
netwrk,network
nejtwork,network
encoder,encoder
encodr,encoder
network,network
architetcure,architecture
gadient,gradient
archtiecture,architecture
sequece,sequence
network,network
pyorch,pytorch
algorithm,algorithm
seuence,sequence
pytorach,pytorch
dfecoder,decoder
sequencq,sequence
pytorch,pytorch
sequence,sequence
jradient,gradient
enmcoder,encoder
sequdnce,sequence
gadient,gradient
architectsre,architecture
architkcture,architecture
tesor,tensor
sequenqce,sequence
neitwork,network
pyjtorch,pytorch
seqoence,sequence
algorithm,algorithm
newtork,network
encodeu,encoder
grdaient,gradient
ptorch,pytorch
ptorch,pytorch
ntwork,network
ecoder,decoder
gradietn,gradient
encodep,encoder
gradsient,gradient
attewntion,attention
decodr,decoder
brchitecture,architecture
encoder,encoder
encder,encoder
sequencje,sequence
encode,encoder
pytocrh,pytorch
network,network
netwbork,network
rchitecture,architecture
attention,attention
qetwork,network
encodecr,encoder
deocder,decoder
pytkorch,pytorch
attettion,attention
arcihtecture,architecture
sequhnce,sequence
encoder,encoder
sequenec,sequence
tnesor,tensor
algorthm,algorithm
algorithc,algorithm
decoer,decoder
architectdure,architecture
pytorh,pytorch
dcoder,decoder
attetion,attention
decoder,decoder
sequece,sequence
dewoder,decoder
network,network
attentioon,attention
gsadient,gradient
atteniton,attention
archiecture,architecture
architectnure,architecture
algorirthm,algorithm
tenor,tensor
netwrok,network
enkcoder,encoder
seqcuence,sequence
encooder,encoder
pytaorch,pytorch
ecoder,decoder
tensoy,tensor
encoder,encoder
ncoder,encoder
sequence,sequence
kytorch,pytorch
grdient,gradient
tensog,tensor
pytorch,pytorch
deoder,decoder
retwork,network
sequence,sequence
sequnce,sequence
pytorh,pytorch
gvradient,gradient
pyttorch,pytorch
algorihm,algorithm
architecture,architecture
attetnion,attention
ahttention,attention
sequenc,sequence
tensor,tensor
dalgorithm,algorithm
dcoder,decoder
ntwork,network
netowrk,network
ecoder,decoder
kpytorch,pytorch
lgorithm,algorithm
ntework,network
decoder,decoder
attention,attention
gradinet,gradient
ncoder,encoder
attenteion,attention
tensr,tensor
gradietn,gradient
deoder,decoder
axgorithm,algorithm
decodeer,decoder
decodbr,decoder
seiquence,sequence
encoaer,encoder
etnsor,tensor
tensor,tensor
pyworch,pytorch
algoithm,algorithm
attentio,attention
sequenc,sequence
entoder,encoder
attentiqon,attention
gradient,gradient
sequence,sequence
netwrok,network
attention,attention
zsequence,sequence
attenion,attention
wdecoder,decoder
graedient,gradient
gradent,gradient
enhcoder,encoder
algorith,algorithm
tnesor,tensor
gradienxt,gradient
pytorch,pytorch
encsder,encoder
tensor,tensor
encoder,encoder
encodre,encoder
architceture,architecture
encoder,encoder
architectyre,architecture
sequnece,sequence
algoithm,algorithm
tfnsor,tensor
seqence,sequence
rgadient,gradient
algortihm,algorithm
architedcture,architecture
netwrk,network
zncoder,encoder
encoder,encoder
ensor,tensor
algorithm,algorithm
pytocrh,pytorch
algorithm,algorithm
netwok,network
decodre,decoder
squence,sequence
alogrithm,algorithm
decodr,decoder
neetwork,network
nework,network
gradiynt,gradient
arckhitecture,architecture
ptyorch,pytorch
gwradient,gradient
netwokr,network
encoder,encoder
arkhitecture,architecture
networek,network
seuence,sequence
ilgorithm,algorithm
teansor,tensor
architeceture,architecture
tensor,tensor
encodar,encoder
attention,attention
netwxrk,network
sequence,sequence
enoder,encoder
gradient,gradient
pytorhc,pytorch
tenor,tensor
arphitecture,architecture
radient,gradient
ecoder,decoder
tensor,tensor
encover,encoder
archikecture,architecture
sequence,sequence
gadient,gradient
sequnece,sequence
gradietn,gradient
attention,attention
algorthm,algorithm
ecnoder,encoder
tensor,tensor
archijtecture,architecture
archdtecture,architecture
algorthm,algorithm
seqence,sequence
ptyorch,pytorch
sequence,sequence
netwrk,network
sequence,sequence
algortthm,algorithm
encoder,encoder
algzrithm,algorithm
network,network
vencoder,encoder
decdoer,decoder
attentgon,attention
etwork,network
attention,attention
netwotrk,network
pytoch,pytorch
pytorcw,pytorch
ytorch,pytorch
sequenec,sequence
encodr,encoder
tesnor,tensor
etwork,network
ntwork,network
decodel,decoder
yptorch,pytorch
attentien,attention
gardient,gradient
atteontion,attention
tenor,tensor
enceder,encoder
encdoer,encoder
ytensor,tensor
attefntion,attention
decoder,decoder
gradiet,gradient
netwodk,network
algorihm,algorithm
encomder,encoder
sequuence,sequence
tensr,tensor
dmecoder,decoder
attenition,attention
lgorithm,algorithm
httention,attention
network,network
encode,encoder
tensr,tensor
attentison,attention
encodr,encoder
entwork,network
gradioent,gradient
attention,attention
encoder,encoder
sequence,sequence
gradient,gradient
ytorch,pytorch
decoder,decoder
attention,attention
drchitecture,architecture
sequcence,sequence
decode,decoder
network,network
architectue,architecture
teunsor,tensor
tnesor,tensor
dmcoder,decoder
sequence,sequence
attewtion,attention
encouer,encoder
pyltorch,pytorch
seqtence,sequence
tensro,tensor
sequetnce,sequence
ytorch,pytorch
eecoder,decoder
pytorch,pytorch
tensor,tensor
seduence,sequence
encodeu,encoder
gradeint,gradient
decyder,decoder
netwjork,network
encoder,encoder
sequence,sequence
gadient,gradient
tepsor,tensor
pytorch,pytorch
gradinet,gradient
frchitecture,architecture
pytoch,pytorch
seqence,sequence
decoedr,decoder
edcoder,decoder
arcihtecture,architecture
pytorch,pytorch
sxequence,sequence
decomer,decoder
gradiehnt,gradient
sequenc,sequence
gradient,gradient
netwokr,network
attenbion,attention
decoder,decoder
encoder,encoder
pytorrh,pytorch
tensocr,tensor
sequence,sequence
seuence,sequence
architectur,architecture
tensoyr,tensor
decodyer,decoder
rgadient,gradient
sequecne,sequence
ecoder,decoder
algrithm,algorithm
pytoch,pytorch
atention,attention
edcoder,decoder
encodre,encoder
phtorch,pytorch
teisor,tensor
gradieqt,gradient
seuqence,sequence
yradient,gradient
sequencde,sequence
tenso,tensor
ecnoder,encoder
tenso,tensor
tensr,tensor
graient,gradient
encocder,encoder
encoder,encoder
gradint,gradient
wdecoder,decoder
architsecture,architecture
sequencf,sequence
architecture,architecture
tensor,tensor
tenlor,tensor
encoder,encoder
algorith,algorithm
sequence,sequence
nentwork,network
decoder,decoder
algorrithm,algorithm
decoder,decoder
hnetwork,network
fncoder,encoder
attention,attention
wrchitecture,architecture
enwoder,encoder
sequence,sequence
tnesor,tensor
squence,sequence
network,network
achitecture,architecture
decodefr,decoder
npetwork,network
architectwure,architecture
arcihtecture,architecture
architecturhe,architecture
decoder,decoder
atention,attention
architecture,architecture
decopder,decoder
decoedr,decoder
enocder,encoder
sequence,sequence
pytorch,pytorch
encodr,encoder
decodegr,decoder
lagorithm,algorithm
encoder,encoder
entwork,network
atgention,attention
attention,attention
lagorithm,algorithm
algorythm,algorithm
tensgr,tensor
encoder,encoder
arcihtecture,architecture
decodr,decoder
encoder,encoder
tenksor,tensor
pytoch,pytorch
dezcoder,decoder
decoer,decoder
seqouence,sequence
network,network
sequence,sequence
network,network
tensor,tensor
architecture,architecture
pytorch,pytorch
ecoder,encoder
attention,attention
attentmon,attention
atention,attention
tensofr,tensor
archiaecture,architecture
dcoder,decoder
sequence,sequence
pytormch,pytorch
grwdient,gradient
attetion,attention
diecoder,decoder
graient,gradient
tenosr,tensor
encdoer,encoder
attntion,attention
encooer,encoder
sequence,sequence
attentiob,attention
alogrithm,algorithm
decodei,decoder
architceture,architecture
sequenc,sequence
grabient,gradient
xsequence,sequence
zytorch,pytorch
sequnece,sequence
ecnoder,encoder
algorithm,algorithm
decoder,decoder
algorxthm,algorithm
seeuence,sequence
gradiet,gradient
radient,gradient
attntion,attention
xensor,tensor
architeeture,architecture
talgorithm,algorithm
gradient,gradient
algorithm,algorithm
attention,attention
attentiomn,attention
fequence,sequence
algortihm,algorithm
network,network
attentin,attention
pytoyrch,pytorch
svequence,sequence
enoder,encoder
rttention,attention
dsequence,sequence
network,network
teksor,tensor
attention,attention
gradienn,gradient
gradkent,gradient
attentio,attention
tenor,tensor
alogrithm,algorithm
aglorithm,algorithm
algovithm,algorithm
decode,decoder
algorithj,algorithm
arcihtecture,architecture
decode,decoder
archictecture,architecture
gttention,attention
pytocch,pytorch
atsention,attention
pytoch,pytorch
algorixhm,algorithm
algortihm,algorithm
sequegnce,sequence
algovithm,algorithm
tnsor,tensor
attention,attention
attentoin,attention
attenfion,attention
tensod,tensor
sequence,sequence
ugradient,gradient
architectuure,architecture
tensor,tensor
graient,gradient
ailgorithm,algorithm
gradcient,gradient
encodeir,encoder
sequence,sequence
netmork,network
gdadient,gradient
networy,network
attentin,attention
architecture,architecture
enacoder,encoder
ayrchitecture,architecture
decodr,decoder
ecoder,decoder
netwdork,network
algoritwhm,algorithm
grdaient,gradient
networn,network
architecture,architecture
squence,sequence
edcoder,decoder
arcitecture,architecture
excoder,encoder
encdoer,encoder
enoder,encoder
architecture,architecture
algorithm,algorithm
algorithu,algorithm
mradient,gradient
aitention,attention
architeeture,architecture
gradient,gradient
tendor,tensor
pytorch,pytorch
ecoder,decoder
grfadient,gradient
algorithm,algorithm
pytorch,pytorch
algoribhm,algorithm
seqeunce,sequence
pyorch,pytorch
pytornh,pytorch
algorithm,algorithm
gadient,gradient
ncoder,encoder
encdoer,encoder
algoirthm,algorithm
pttorch,pytorch
pytourch,pytorch
attention,attention
encoder,encoder
seqence,sequence
tetwork,network
algroithm,algorithm
pytoxrch,pytorch
nradient,gradient
netwgork,network
pyorch,pytorch
attnetion,attention
algorithm,algorithm
attention,attention
gradiennt,gradient
bensor,tensor
newtork,network
deocder,decoder
gradieint,gradient
pyotrch,pytorch
nektwork,network
gradinet,gradient
algoruthm,algorithm
algorith,algorithm
atention,attention
architekcture,architecture
sequence,sequence
attetion,attention
network,network
pytorch,pytorch
algoritm,algorithm
encder,encoder
bencoder,encoder
sequece,sequence
arcpitecture,architecture
pjytorch,pytorch
gradeint,gradient
netwrk,network
sequence,sequence
architecutre,architecture
aqtention,attention
architeclure,architecture
architectvure,architecture
architaecture,architecture
pytorch,pytorch
rachitecture,architecture
architecture,architecture
attnetion,attention
pytocrh,pytorch
ajlgorithm,algorithm
architecturze,architecture
decder,decoder
decjder,decoder
architedture,architecture
gytorch,pytorch
qecoder,decoder
attenttion,attention
pytorch,pytorch
tesor,tensor
decodker,decoder
gradient,gradient
encodedr,encoder
gardient,gradient
sequecne,sequence
archietcture,architecture
networok,network
algorithm,algorithm
attentiwon,attention
enzcoder,encoder
pyiorch,pytorch
architectulre,architecture
netwrok,network
aleorithm,algorithm
tynsor,tensor
tnesor,tensor
tensor,tensor
decoder,decoder
epytorch,pytorch
attention,attention
algorwithm,algorithm
pytorch,pytorch
pytosrch,pytorch
pytroch,pytorch
algorithm,algorithm
algorthm,algorithm
algorithm,algorithm
network,network
tnsor,tensor
netwosk,network
fetwork,network
algorithm,algorithm
pyorch,pytorch
attention,attention
gpadient,gradient
ecoder,decoder
architeecture,architecture
attentoin,attention
tvnsor,tensor
ntwork,network
zattention,attention
gradivnt,gradient
nepwork,network
encoder,encoder
tesor,tensor
network,network
architectue,architecture
dceoder,decoder
gradient,gradient
nework,network
attnetion,attention
pytorch,pytorch
tensofr,tensor
netxork,network
algorithm,algorithm
tenoor,tensor
llgorithm,algorithm
encoder,encoder
atensor,tensor
ecoder,encoder
attenton,attention
encsder,encoder
valgorithm,algorithm
avlgorithm,algorithm
encoder,encoder
algorithe,algorithm
gradieft,gradient
tsensor,tensor
tattention,attention
tensor,tensor
pytofch,pytorch
graident,gradient
mdecoder,decoder
pytorcmh,pytorch
encoder,encoder
pytoich,pytorch
sequece,sequence
decodev,decoder
ensor,tensor
nevtwork,network
tensor,tensor
tensom,tensor
architeture,architecture
eancoder,encoder
attention,attention
attention,attention
architectupe,architecture
sytorch,pytorch
network,network
netwaork,network
algortihm,algorithm
archietecture,architecture
sequnece,sequence
pytorcg,pytorch
tnetwork,network
sequence,sequence
attentoin,attention
isequence,sequence
algoithm,algorithm
jnetwork,network
netowrk,network
tensor,tensor
pytrch,pytorch
alqgorithm,algorithm
acrhitecture,architecture
pytorcmh,pytorch
netwoak,network
yptorch,pytorch
architectue,architecture
netowrk,network
architeature,architecture
rdecoder,decoder
tensnor,tensor
deboder,decoder
sequence,sequence
gradiecnt,gradient
unetwork,network
netwnork,network
algborithm,algorithm
encoedr,encoder
gadient,gradient
sequence,sequence
neetwork,network
attention,attention
tensor,tensor
jlgorithm,algorithm
algorithg,algorithm
etwork,network
ytorch,pytorch
gradeint,gradient
encoder,encoder
decoder,decoder
gradient,gradient
dpecoder,decoder
sqeuence,sequence
algorithm,algorithm
architeucture,architecture
gradinnt,gradient
encoeder,encoder
nestwork,network
decoder,decoder
gradeint,gradient
arhcitecture,architecture
encder,encoder
pytorhc,pytorch
attentzon,attention
architzcture,architecture
gardient,gradient
decodver,decoder
tnsor,tensor
graident,gradient
gradient,gradient
tenosr,tensor
newtork,network
algorithg,algorithm
graient,gradient
graient,gradient
encokder,encoder
architecture,architecture
attetnion,attention
architegture,architecture
gencoder,encoder
ensor,tensor
pytoruch,pytorch
requence,sequence
attentoin,attention
encoer,encoder
algorithm,algorithm
gracient,gradient
avlgorithm,algorithm
algrithm,algorithm
alkorithm,algorithm
acrchitecture,architecture
decoxder,decoder
alogrithm,algorithm
arcihtecture,architecture
encoedr,encoder
tersor,tensor
algorifhm,algorithm
decoder,decoder
awlgorithm,algorithm
tensr,tensor
ptorch,pytorch
alogrithm,algorithm
attenvtion,attention
algorithm,algorithm
pyporch,pytorch
algorithm,algorithm
algorithm,algorithm
attentio,attention
netwobrk,network
tyensor,tensor
nequence,sequence
ntework,network
sequece,sequence
architecture,architecture
algoriwhm,algorithm
tensor,tensor
netwxrk,network
gradipent,gradient
alogrithm,algorithm
arcaitecture,architecture
archietcture,architecture
enhoder,encoder
decodeg,decoder
ettention,attention
atsention,attention
attentoin,attention
sequece,sequence
graeient,gradient
mytorch,pytorch
attentirn,attention
sequnce,sequence
pytornch,pytorch
encofder,encoder
netork,network
encoder,encoder
netwok,network
tensor,tensor
algtrithm,algorithm
pytorch,pytorch
tesor,tensor
algoxrithm,algorithm
architectre,architecture
tensor,tensor
ptyorch,pytorch
dceoder,decoder
alorithm,algorithm
achitecture,architecture
encvoder,encoder
decder,decoder
ytorch,pytorch
encoder,encoder
attetion,attention
ttention,attention
teunsor,tensor
algroithm,algorithm
encodemr,encoder
tensor,tensor
sequnece,sequence
tatention,attention
acrhitecture,architecture
gradien,gradient
netork,network
alogrithm,algorithm
tensor,tensor
gradient,gradient
ntwork,network
architfcture,architecture
pytorh,pytorch
mtensor,tensor
encodfr,encoder
enoder,encoder
algorihm,algorithm
aottention,attention
sequenjce,sequence
sequene,sequence
pytorhc,pytorch
network,network
hecoder,decoder
attention,attention
nalgorithm,algorithm
decoedr,decoder
decfoder,decoder
sequence,sequence
attentton,attention
tnesor,tensor
eensor,tensor
sequenxe,sequence
netwoik,network
sequence,sequence
algorithm,algorithm
architecture,architecture
tinsor,tensor
gradwient,gradient
network,network
tensor,tensor
architecture,architecture
arcvitecture,architecture
aglorithm,algorithm
pytorhc,pytorch
sequekce,sequence
netwok,network
nalgorithm,algorithm
nttention,attention
pyktorch,pytorch
gradient,gradient
tensor,tensor
algorcithm,algorithm
tenesor,tensor
sequenhe,sequence
algorithm,algorithm
decder,decoder
encoaer,encoder
grpadient,gradient
gradient,gradient
sequence,sequence
aglorithm,algorithm
sequejnce,sequence
dceoder,decoder
attentoin,attention
tensor,tensor
iytorch,pytorch
decvder,decoder
gradient,gradient
algoritm,algorithm
pytoch,pytorch
aagorithm,algorithm
netwokr,network
depoder,decoder
alogrithm,algorithm
encyder,encoder
ptyorch,pytorch
tenskr,tensor
attention,attention
pytoch,pytorch
attention,attention
architecturp,architecture
pytoqch,pytorch
attetnion,attention
azlgorithm,algorithm
pytorch,pytorch
encoder,encoder
gradient,gradient
algorithm,algorithm
decoder,decoder
networ,network
encoder,encoder
ettention,attention
gradient,gradient
ntensor,tensor
algorinhm,algorithm
enccoder,encoder
etncoder,encoder
algoritcm,algorithm
sequence,sequence
ecoder,decoder
arjchitecture,architecture
networok,network
network,network
tensr,tensor
tensor,tensor
attentiob,attention
archbtecture,architecture
attentrion,attention
dceoder,decoder
onetwork,network
attentiob,attention
algorith,algorithm
anchitecture,architecture
decoedr,decoder
architecturne,architecture
sequeyce,sequence
pytrch,pytorch
atention,attention
eattention,attention
gradient,gradient
encoded,encoder
gradiynt,gradient
attewtion,attention
tensor,tensor
algorilthm,algorithm
pztorch,pytorch
attention,attention
architectuer,architecture
sebquence,sequence
gradient,gradient
attenion,attention
palgorithm,algorithm
etwork,network
decode,decoder
tensor,tensor
tensqr,tensor
netwrk,network
netwotrk,network
seqyence,sequence
attentino,attention
attention,attention
attentino,attention
ntwork,network
network,network
decoder,decoder
grfadient,gradient
algorith,algorithm
tensor,tensor
tensbor,tensor
encouer,encoder
algorithm,algorithm
teisor,tensor
gradiernt,gradient
gensor,tensor
netwovk,network
archtiecture,architecture
attentyion,attention
enoder,encoder
pytornch,pytorch
attenmion,attention
decoder,decoder
tensr,tensor
decoder,decoder
archityecture,architecture
pytwrch,pytorch
tensro,tensor
tnsor,tensor
tensyr,tensor
tensqor,tensor
netwoek,network
pytroch,pytorch
encoder,encoder
encoder,encoder
teensor,tensor
ddecoder,decoder
artention,attention
attention,attention
gadient,gradient
pcytorch,pytorch
encoler,encoder
algforithm,algorithm
ytorch,pytorch
almgorithm,algorithm
tenior,tensor
attention,attention
algorthm,algorithm
arcjhitecture,architecture
deeoder,decoder
ecnoder,encoder
attention,attention
pytorch,pytorch
spequence,sequence
mequence,sequence
encodeor,encoder
otensor,tensor
algorithm,algorithm
architecuture,architecture
netwrk,network
gradient,gradient
gradient,gradient
secoder,decoder
algorithm,algorithm
attentlion,attention
tensyr,tensor
sequencve,sequence
pytorcp,pytorch
attentoin,attention
ecnoder,encoder
ttention,attention
decoedr,decoder
decoder,decoder
algorithm,algorithm
pytocrh,pytorch
sequence,sequence
algorathm,algorithm
npytorch,pytorch
netork,network
pytorch,pytorch
algrithm,algorithm
tesnor,tensor
pytorch,pytorch
nretwork,network
architecturje,architecture
netwrk,network
attnetion,attention
gradient,gradient
architetcure,architecture
entwork,network
achitecture,architecture
decoder,decoder
encoderr,encoder
grmdient,gradient
ptorch,pytorch
grdient,gradient
sqeuence,sequence
sequnece,sequence
architecture,architecture
architectuer,architecture
algorichm,algorithm
decoder,decoder
attvntion,attention
atention,attention
architectute,architecture
tbnsor,tensor
pytorch,pytorch
attenaion,attention
encoder,encoder
tensor,tensor
equence,sequence
atention,attention
pytoch,pytorch
architectue,architecture
sequence,sequence
encodr,encoder
nuetwork,network
attentiyn,attention
edcoder,encoder
sequence,sequence
algorithm,algorithm
dceoder,decoder
algorithm,algorithm
ogradient,gradient
aglorithm,algorithm
algorirhm,algorithm
tarchitecture,architecture
architectucre,architecture
ittention,attention
gradient,gradient
ttention,attention
squence,sequence
atetntion,attention
etnsor,tensor
deocder,decoder
epytorch,pytorch
decodek,decoder
graident,gradient
gfradient,gradient
gradietn,gradient
algoritgm,algorithm
attenstion,attention
rchitecture,architecture
requence,sequence
attnetion,attention
algorithm,algorithm
tensor,tensor
sequenae,sequence
decodei,decoder
gradienwt,gradient
decodr,decoder
algroithm,algorithm
algocrithm,algorithm
alogrithm,algorithm
arcgitecture,architecture
pytorclh,pytorch
architectrue,architecture
network,network
neywork,network
armchitecture,architecture
graient,gradient
pytorc,pytorch
algortihm,algorithm
archihecture,architecture
encoder,encoder
alghorithm,algorithm
pyotrch,pytorch
arkhitecture,architecture
epytorch,pytorch
seuence,sequence
pytorch,pytorch
attenton,attention
sequenec,sequence
dycoder,decoder
gradienvt,gradient
attentcon,attention
network,network
xncoder,encoder
architewture,architecture
encofer,encoder
encokder,encoder
gradient,gradient
tengor,tensor
aytorch,pytorch
opytorch,pytorch
architectue,architecture
algrithm,algorithm
graedient,gradient
architectuer,architecture
pytocrh,pytorch
mgradient,gradient
radient,gradient
architecture,architecture
decder,decoder
gradient,gradient
architecture,architecture
nedtwork,network
graident,gradient
attention,attention
architecture,architecture
pytotrch,pytorch
algorith,algorithm
encodr,encoder
pyttorch,pytorch
alorithm,algorithm
architetcure,architecture
grazdient,gradient
seqwuence,sequence
dcoder,decoder
tensoj,tensor
gradient,gradient
netwokr,network
decbder,decoder
tensr,tensor
aytorch,pytorch
architectuer,architecture
netwoyk,network
tenmsor,tensor
encoder,encoder
netwrok,network
seqeunce,sequence
pyotrch,pytorch
tesor,tensor
netwok,network
tenso,tensor
architevcture,architecture
algoirthm,algorithm
deoder,decoder
atteniton,attention
sequenc,sequence
encoder,encoder
equence,sequence
networhk,network
achitecture,architecture
yptorch,pytorch
pyxorch,pytorch
architecture,architecture
tensor,tensor
radient,gradient
decodre,decoder
algorzthm,algorithm
gradien,gradient
pytorch,pytorch
atcention,attention
algorihm,algorithm
deeoder,decoder
pytorvch,pytorch
decower,decoder
gradient,gradient
encdoer,encoder
sequexce,sequence
arcvhitecture,architecture
architecjure,architecture
algoriqthm,algorithm
algorithm,algorithm
ncoder,encoder
gradient,gradient
attentixon,attention
attention,attention
arhcitecture,architecture
esquence,sequence
bncoder,encoder
algorihtm,algorithm
encode,encoder
nctwork,network
sgradient,gradient
algortihm,algorithm
necwork,network
architectre,architecture
pytorch,pytorch
alogrithm,algorithm
sequenec,sequence
architecture,architecture
encodor,encoder
arcihitecture,architecture
gradieot,gradient
archtecture,architecture
decdoer,decoder
aglorithm,algorithm
tensonr,tensor
tesnor,tensor
archtecture,architecture
etwork,network
encode,encoder
sequecne,sequence
sequnece,sequence
archiqecture,architecture
attention,attention
decoder,decoder
network,network
rgadient,gradient
sequence,sequence
gadient,gradient
pyqtorch,pytorch
ntework,network
attenion,attention
rgadient,gradient
hecoder,decoder
pytopch,pytorch
attentifn,attention
deuoder,decoder
gradieant,gradient
detwork,network
decoder,decoder
algnorithm,algorithm
tensor,tensor
architeckture,architecture
ntework,network
algorithm,algorithm
sequence,sequence
attnetion,attention
sequence,sequence
pytorhch,pytorch
encodqer,encoder
atgtention,attention
seuqence,sequence
algorithm,algorithm
arcitecture,architecture
apgorithm,algorithm
rgadient,gradient
deroder,decoder
networ,network
tenfsor,tensor
archtecture,architecture
zdecoder,decoder
encodeh,encoder
attetion,attention
networ,network
decodei,decoder
encsder,encoder
aschitecture,architecture
ensor,tensor
algorithmm,algorithm
pytorc,pytorch
netkork,network
netwcrk,network
seuence,sequence
arichitecture,architecture
attention,attention
bncoder,encoder
architecture,architecture
pytorch,pytorch
rchitecture,architecture
attention,attention
archiyecture,architecture
enoder,encoder
tensor,tensor
atention,attention
sequenme,sequence
algoithm,algorithm
algoritmh,algorithm
encodekr,encoder
pytorch,pytorch
tefsor,tensor
grfadient,gradient
sequenec,sequence
encoddr,encoder
decodsr,decoder
lagorithm,algorithm
pytorch,pytorch
pyytorch,pytorch
suquence,sequence
atention,attention
encgder,encoder
attentoin,attention
seqience,sequence
algorgthm,algorithm
archtiecture,architecture
gradivent,gradient
encder,encoder
ettention,attention
tesor,tensor
pytorch,pytorch
grafient,gradient
qradient,gradient
grdaient,gradient
ecnoder,encoder
architectur,architecture
pyhorch,pytorch
gradsient,gradient
archtecture,architecture
zensor,tensor
tensor,tensor
attentyion,attention
decoder,decoder
decoder,decoder
enoder,encoder
pyytorch,pytorch
encdoder,encoder
networu,network
graident,gradient
gradient,gradient
sequence,sequence
aclgorithm,algorithm
architeiture,architecture
algodithm,algorithm
pytmrch,pytorch
netwtork,network
tesnor,tensor
pytporch,pytorch
pytorh,pytorch
tenor,tensor
equence,sequence
gradietn,gradient
dehcoder,decoder
gradiebnt,gradient
gradient,gradient
sequernce,sequence
ecoder,decoder
gradient,gradient
dceoder,decoder
acrhitecture,architecture
ptyorch,pytorch
netowrk,network
algorathm,algorithm
pytoruh,pytorch
deccoder,decoder
tesnor,tensor
tensyr,tensor
pytorhc,pytorch
encoer,encoder
attentiox,attention
grhdient,gradient
netwrk,network
sequence,sequence
algorithm,algorithm
sequence,sequence
sequence,sequence
atention,attention
atention,attention
pctorch,pytorch
encoer,encoder
pytorych,pytorch
sequece,sequence
algorithm,algorithm
network,network
networqk,network
sequence,sequence
algoripthm,algorithm
tenor,tensor
tgradient,gradient
network,network
tensob,tensor
decoedr,decoder
attentizn,attention
etwork,network
netork,network
attentxon,attention
pytorhc,pytorch
sqeuence,sequence
arhitecture,architecture
pytorh,pytorch
pytorch,pytorch
sequence,sequence
network,network
attentoin,attention
nhtwork,network
archiuecture,architecture
encoder,encoder
dlcoder,decoder
achitecture,architecture
sequencce,sequence
enzoder,encoder
pytornh,pytorch
network,network
algorrithm,algorithm
tenkor,tensor
ptyorch,pytorch
algorqthm,algorithm
pytorch,pytorch
gradinet,gradient
gaadient,gradient
decoder,decoder
deroder,decoder
algoithm,algorithm
sequnce,sequence
lgorithm,algorithm
decgoder,decoder
architejture,architecture
lpytorch,pytorch
tetnsor,tensor
diecoder,decoder
attention,attention
architectue,architecture
aetention,attention
pensor,tensor
tensofr,tensor
pytrch,pytorch
netwokr,network
encoder,encoder
network,network
gradtient,gradient
tensbr,tensor
sequenje,sequence
architectur,architecture
tesnor,tensor
pyltorch,pytorch
cradient,gradient
goadient,gradient
attention,attention
tenssor,tensor
gradint,gradient
deoder,decoder
architecture,architecture
pytoch,pytorch
npetwork,network
pytroch,pytorch
etnsor,tensor
allgorithm,algorithm
netwosk,network
algorpithm,algorithm
gradient,gradient
enchder,encoder
attentjion,attention
sequecne,sequence
decoer,decoder
tensod,tensor
nntwork,network
tensuor,tensor
encodwer,encoder
pyitorch,pytorch
decoer,decoder
iecoder,decoder
tesnor,tensor
decoder,decoder
architecutre,architecture
ensor,tensor
encodejr,encoder
attentimn,attention
lgorithm,algorithm
attenbtion,attention
seqiuence,sequence
lgorithm,algorithm
graident,gradient
architecture,architecture
sqeuence,sequence
decodem,decoder
algoritghm,algorithm
pytrch,pytorch
decozder,decoder
pytorcrh,pytorch
seqeunce,sequence
gradint,gradient
pytorch,pytorch
rachitecture,architecture
attention,attention
decoer,decoder
lagorithm,algorithm
dcoder,decoder
netwoak,network
grhadient,gradient
ncetwork,network
enoder,encoder
sequmence,sequence
aluorithm,algorithm
atteqntion,attention
architecture,architecture
algorithm,algorithm
ayttention,attention
sequenbce,sequence
ptorch,pytorch
newtork,network
attenion,attention
network,network
gradiept,gradient
tensro,tensor
netiwork,network
gradient,gradient
radient,gradient
networuk,network
enccoder,encoder
encodwer,encoder
architecture,architecture
negtwork,network
decuoder,decoder
ynetwork,network
algorithm,algorithm
alaorithm,algorithm
encder,encoder
pytorhc,pytorch
tensor,tensor
encoder,encoder
pytvrch,pytorch
algorithm,algorithm
tensro,tensor
pytorch,pytorch
decdoer,decoder
pytocrh,pytorch
decoer,decoder
aljgorithm,algorithm
algobithm,algorithm
encodfr,encoder
network,network
pyturch,pytorch
pytroch,pytorch
alogrithm,algorithm
architeture,architecture
yptorch,pytorch
network,network
network,network
architecture,architecture
atttention,attention
decodr,decoder
attedntion,attention
attentaon,attention
tezsor,tensor
decyoder,decoder
tbnsor,tensor
deocder,decoder
network,network
architecrture,architecture
equence,sequence
sequencj,sequence
atention,attention
newtork,network
architecturre,architecture
graadient,gradient
ptorch,pytorch
attetnion,attention
sequenqce,sequence
decoder,decoder
equence,sequence
sequence,sequence
attentgon,attention
netwaork,network
alygorithm,algorithm
skquence,sequence
decoedr,decoder
elcoder,encoder
decoder,decoder
tensmor,tensor
tensogr,tensor
ntwork,network
attennion,attention
gradient,gradient
architecture,architecture
pecoder,decoder
decoder,decoder
sequece,sequence
bencoder,encoder
fnetwork,network
arhcitecture,architecture
pycorch,pytorch
grdaient,gradient
network,network
algoritm,algorithm
rlgorithm,algorithm
ttention,attention
atiention,attention
attentiow,attention
sequenec,sequence
bytorch,pytorch
ptorch,pytorch
archhtecture,architecture
pytorch,pytorch
seqhuence,sequence
enoder,encoder
grndient,gradient
gradient,gradient
arckitecture,architecture
aylgorithm,algorithm
arhcitecture,architecture
nebtwork,network
gradjent,gradient
depcoder,decoder
attentmion,attention
tnsor,tensor
attention,attention
encovder,encoder
netwozrk,network
decoder,decoder
algorkthm,algorithm
encder,encoder
pytorch,pytorch
architecture,architecture
attentioln,attention
ntework,network
necoder,encoder
alworithm,algorithm
arhitecture,architecture
algoirthm,algorithm
gradient,gradient
oensor,tensor
algorithm,algorithm
tensmr,tensor
architecture,architecture
encoder,encoder
alogrithm,algorithm
encoder,encoder
nuetwork,network
encoyder,encoder
algorithm,algorithm
architjcture,architecture
gradiet,gradient
gradient,gradient
seqpuence,sequence
netwbork,network
gradienr,gradient
sequsnce,sequence
pytocrh,pytorch
algmrithm,algorithm
encoder,encoder
architecture,architecture
pytorhc,pytorch
pytorc,pytorch
architcture,architecture
archtecture,architecture
hattention,attention
algorith,algorithm
encode,encoder
network,network
decdoer,decoder
ntework,network
decoder,decoder
network,network
tnsor,tensor
etnsor,tensor
grzdient,gradient
grsdient,gradient
necoder,encoder
ptyorch,pytorch
encodre,encoder
pytorch,pytorch
tenvor,tensor
recoder,decoder
algorithm,algorithm
attenton,attention
tejsor,tensor
gradiesnt,gradient
arcitecture,architecture
algorithm,algorithm
seqence,sequence
architecture,architecture
gridient,gradient
sgequence,sequence
graident,gradient
attentoin,attention
attentin,attention
attention,attention
squence,sequence
netfwork,network
attention,attention
networl,network
enicoder,encoder
architercture,architecture
pyyorch,pytorch
encode,encoder
sequente,sequence
network,network
tenor,tensor
attention,attention
architiecture,architecture
networ,network
netwjrk,network
tenior,tensor
attentiyn,attention
netwfrk,network
decodre,decoder
sncoder,encoder
gradeint,gradient
decdoer,decoder
tnsor,tensor
netwokr,network
decoedr,decoder
decoder,decoder
sequence,sequence
architlcture,architecture
tensoc,tensor
gradienat,gradient
pytroch,pytorch
ncetwork,network
atteniton,attention
sequevce,sequence
sqeuence,sequence
encoder,encoder
decodr,decoder
sequece,sequence
decode,decoder
archietcture,architecture
decder,decoder
cytorch,pytorch
pytorch,pytorch
architectre,architecture
gradent,gradient
pytomrch,pytorch
encoder,encoder
dehoder,decoder
attnetion,attention
eancoder,encoder
enoder,encoder
encoder,encoder
enoder,encoder
temsor,tensor
encoder,encoder
pxtorch,pytorch
spequence,sequence
grpadient,gradient
tenso,tensor
algrithm,algorithm
attention,attention
vytorch,pytorch
gradidnt,gradient
archftecture,architecture
architegcture,architecture
nework,network
tcnsor,tensor
decoderr,decoder
kalgorithm,algorithm
xencoder,encoder
algorithm,algorithm
sequhnce,sequence
encoder,encoder
grdient,gradient
seuqence,sequence
gradvient,gradient
encoqer,encoder
decader,decoder
pytorch,pytorch
network,network
edcoder,encoder
sequynce,sequence
encofer,encoder
pytoroh,pytorch
pytorch,pytorch
algorithm,algorithm
gradinet,gradient
attention,attention
arxhitecture,architecture
atttntion,attention
algorithm,algorithm
algorifhm,algorithm
sequene,sequence
algoirthm,algorithm
pytorch,pytorch
tensor,tensor
encode,encoder
sequence,sequence
architecture,architecture
pvytorch,pytorch
tenscr,tensor
ncoder,encoder
farchitecture,architecture
gradietn,gradient
ytorch,pytorch
sequesnce,sequence
encodear,encoder
network,network
gradiengt,gradient
encoder,encoder
arcrhitecture,architecture
grdient,gradient
newwork,network
pytorhc,pytorch
encoder,encoder
decoder,decoder
sequene,sequence
tnesor,tensor
deocder,decoder
gradient,gradient
architecture,architecture
attfntion,attention
architecjure,architecture
yptorch,pytorch
attenion,attention
encoxer,encoder
encoder,encoder
algordthm,algorithm
sequence,sequence
pytorch,pytorch
architxcture,architecture
pytorch,pytorch
architecture,architecture
tensor,tensor
pytorh,pytorch
dcoder,decoder
gradieynt,gradient
network,network
netuwork,network
algrithm,algorithm
network,network
nerwork,network
pytohch,pytorch
architectur,architecture
archiitecture,architecture
sequnece,sequence
encodewr,encoder
entwork,network
tensor,tensor
decode,decoder
architeccture,architecture
atention,attention
attenrtion,attention
gradiegt,gradient
algorlthm,algorithm
architechure,architecture
dwcoder,decoder
netork,network
algorihtm,algorithm
agorithm,algorithm
gequence,sequence
algoriothm,algorithm
sequence,sequence
giadient,gradient
attention,attention
eecoder,decoder
ytorch,pytorch
netvork,network
netwaork,network
sequenc,sequence
pytorch,pytorch
network,network
sequence,sequence
sequence,sequence
decgoder,decoder
attenton,attention
akchitecture,architecture
gradienrt,gradient
algorithm,algorithm
decoder,decoder
pytorcnh,pytorch
attention,attention
esquence,sequence
attention,attention
encoxder,encoder
algorihtm,algorithm
ncoder,encoder
gradietn,gradient
gradoient,gradient
decodefr,decoder
rchitecture,architecture
attention,attention
gradient,gradient
tensor,tensor
pytorhc,pytorch
pyorch,pytorch
attentqion,attention
algoritmh,algorithm
encoder,encoder
attnetion,attention
sequence,sequence
entwork,network
sequencd,sequence
encoder,encoder
architectiure,architecture
decoedr,decoder
mnetwork,network
tensoor,tensor
architecture,architecture
ytorch,pytorch
sequene,sequence
encoedr,encoder
sequence,sequence
architecture,architecture
ntework,network
hytorch,pytorch
sequence,sequence
architeczure,architecture
netwojk,network
rachitecture,architecture
nevtwork,network
archtiecture,architecture
attexntion,attention
attetnion,attention
decder,decoder
tensor,tensor
pytorch,pytorch
ptyorch,pytorch
sequecne,sequence
pytoch,pytorch
sytorch,pytorch
encodear,encoder
tensro,tensor
pytorhc,pytorch
architectrure,architecture
algorithvm,algorithm
architectture,architecture
neztwork,network
tensor,tensor
ancoder,encoder
tensor,tensor
encodxr,encoder
ebncoder,encoder
pytoch,pytorch
tensor,tensor
edcoder,decoder
architecture,architecture
archqitecture,architecture
tensor,tensor
tpnsor,tensor
sequence,sequence
yytorch,pytorch
pytorclh,pytorch
attention,attention
algroithm,algorithm
tensr,tensor
decvder,decoder
attntion,attention
encodre,encoder
atttention,attention
decoder,decoder
arcchitecture,architecture
ntwork,network
attention,attention
ecnoder,encoder
attentio,attention
dexoder,decoder
grajient,gradient
seqeunce,sequence
attehtion,attention
pytroch,pytorch
pyotrch,pytorch
pytorcgh,pytorch
gradinet,gradient
decoder,decoder
sequlnce,sequence
alyorithm,algorithm
architecture,architecture
tensojr,tensor
attention,attention
attenton,attention
atrchitecture,architecture
pytocrh,pytorch
newtork,network
gradvent,gradient
newtork,network
architecture,architecture
architecture,architecture
encoder,encoder
sequrnce,sequence
aglorithm,algorithm
algorithm,algorithm
attention,attention
esquence,sequence
dcoder,decoder
decoder,decoder
encoder,encoder
architcture,architecture
sequlence,sequence
pytroch,pytorch
sequenke,sequence
decoder,decoder
xtensor,tensor
gradent,gradient
decodre,decoder
etnsor,tensor
tensos,tensor
sequence,sequence
gradinet,gradient
enloder,encoder
cgradient,gradient
encoder,encoder
attentio,attention
gjadient,gradient
ecoder,encoder
esquence,sequence
gradient,gradient
decoder,decoder
gradeint,gradient
gradient,gradient
tensro,tensor
network,network
algorihm,algorithm
neywork,network
seqence,sequence
alegorithm,algorithm
architcture,architecture
encodre,encoder
sqeuence,sequence
netbork,network
cgradient,gradient
architectuce,architecture
pytorcah,pytorch
tnsor,tensor
pytorch,pytorch
encoder,encoder
teysor,tensor
enoder,encoder
seqence,sequence
gradietn,gradient
seeuence,sequence
sequene,sequence
ecoder,decoder
decdoer,decoder
cytorch,pytorch
sepuence,sequence
algorithm,algorithm
algoritnm,algorithm
ysequence,sequence
gradinet,gradient
algorythm,algorithm
algorithm,algorithm
tyensor,tensor
arcihtecture,architecture
algorithm,algorithm
nevwork,network
algorithm,algorithm
npytorch,pytorch
network,network
attjntion,attention
neatwork,network
netwrk,network
encodir,encoder
architegture,architecture
seuqence,sequence
aglorithm,algorithm
gradzient,gradient
tensor,tensor
sequence,sequence
archxitecture,architecture
arhcitecture,architecture
architectpre,architecture
pytowch,pytorch
vttention,attention
sequrence,sequence
archiecture,architecture
tesnor,tensor
decoder,decoder
deloder,decoder
architecture,architecture
gradient,gradient
tnnsor,tensor
architecture,architecture
nstwork,network
lgorithm,algorithm
decodter,decoder
sequenc,sequence
networi,network
archtecture,architecture
tensowr,tensor
radient,gradient
architectrue,architecture
sequencce,sequence
network,network
gradient,gradient
otensor,tensor
aprchitecture,architecture
agchitecture,architecture
netwjork,network
pytoch,pytorch
archtiecture,architecture
encboder,encoder
attentino,attention
algrithm,algorithm
decodre,decoder
encoqer,encoder
algorthm,algorithm
decoer,decoder
networb,network
netcork,network
gradient,gradient
seuqence,sequence
architecture,architecture
architecture,architecture
pytoirch,pytorch
architecture,architecture
attention,attention
tnsor,tensor
xtensor,tensor
algoritmh,algorithm
etnsor,tensor
enocder,encoder
dzecoder,decoder
ptorch,pytorch
natwork,network
encoder,encoder
tensor,tensor
architecture,architecture
pytorc,pytorch
netwdrk,network
sqeuence,sequence
gradihnt,gradient
gradienft,gradient
sequence,sequence
gradient,gradient
seqluence,sequence
dceoder,decoder
pyxtorch,pytorch
gradent,gradient
encojer,encoder
ttention,attention
pytorh,pytorch
tensocr,tensor
aglorithm,algorithm
sequence,sequence
netowrk,network
network,network
archiftecture,architecture
sequengce,sequence
atetntion,attention
etwork,network
sequence,sequence
algorithcm,algorithm
arbchitecture,architecture
nhetwork,network
decoder,decoder
tensor,tensor
pytworch,pytorch
alorithm,algorithm
decoder,decoder
necoder,encoder
archiecture,architecture
dcoder,decoder
alorithm,algorithm
sequetnce,sequence
tensor,tensor
encoder,encoder
attenion,attention
seequence,sequence
encodedr,encoder
tensor,tensor
network,network
seuqence,sequence
pyotrch,pytorch
tesor,tensor
pytorjch,pytorch
attentwon,attention
tensor,tensor
graident,gradient
tensbor,tensor
archtecture,architecture
network,network
ejncoder,encoder
network,network
netork,network
algorithm,algorithm
encder,encoder
pytoch,pytorch
archtecture,architecture
archftecture,architecture
airchitecture,architecture
sequecne,sequence
pytorch,pytorch
yptorch,pytorch
atteniton,attention
attentirn,attention
encofer,encoder
attentino,attention
pytorch,pytorch
degcoder,decoder
attentino,attention
attenton,attention
lagorithm,algorithm
trnsor,tensor
pytrch,pytorch
architectuer,architecture
decode,decoder
decoder,decoder
algcrithm,algorithm
decoder,decoder
nttention,attention
netwogrk,network
algorithm,algorithm
gradietn,gradient
pytorch,pytorch
algorith,algorithm
attenion,attention
tepsor,tensor
attenution,attention
netwokr,network
networxk,network
dtecoder,decoder
rttention,attention
atteniton,attention
decodtr,decoder
tnsor,tensor
sequence,sequence
gladient,gradient
nettwork,network
pytfrch,pytorch
sequence,sequence
netwok,network
network,network
sequefce,sequence
architectuzre,architecture
architecure,architecture
algorthm,algorithm
architecture,architecture
ptensor,tensor
algorihm,algorithm
tnsor,tensor
decoder,decoder
gradent,gradient
architecture,architecture
algorfithm,algorithm
network,network
encoder,encoder
ngtwork,network
gfadient,gradient
decodezr,decoder
tensozr,tensor
ejcoder,encoder
nrtwork,network
sequnece,sequence
achitecture,architecture
encohder,encoder
architetcure,architecture
network,network
architectur,architecture
gradient,gradient
gradient,gradient
decpoder,decoder
attentiwn,attention
ncoder,encoder
tenaor,tensor
ytorch,pytorch
tensor,tensor
encjoder,encoder
gradievt,gradient
alogrithm,algorithm
encdoer,encoder
gradinet,gradient
ecnoder,encoder
gradient,gradient
tensor,tensor
gradient,gradient
pytorch,pytorch
encodrr,encoder
algorihthm,algorithm
tensro,tensor
pkytorch,pytorch
pytorch,pytorch
attentibn,attention
algorithz,algorithm
pytorc,pytorch
ntensor,tensor
attetnion,attention
pytorch,pytorch
network,network
atxtention,attention
tensro,tensor
decoer,decoder
netwmrk,network
algorithm,algorithm
pytorqh,pytorch
attention,attention
gradent,gradient
architectur,architecture
algorithm,algorithm
network,network
sequece,sequence
network,network
netwcork,network
attelntion,attention
vequence,sequence
dqecoder,decoder
architectujre,architecture
attentoin,attention
encoer,encoder
gncoder,encoder
enocder,encoder
architeature,architecture
sequene,sequence
sfequence,sequence
tenso,tensor
tensor,tensor
sequencbe,sequence
attyention,attention
atention,attention
lencoder,encoder
algortihm,algorithm
gradient,gradient
rchitecture,architecture
marchitecture,architecture
algorthm,algorithm
networlk,network
awgorithm,algorithm
network,network
archimecture,architecture
algorithm,algorithm
architecture,architecture
gradient,gradient
algormthm,algorithm
tensor,tensor
algorithm,algorithm
attcntion,attention
pytorch,pytorch
ptorch,pytorch
pytocrh,pytorch
sncoder,encoder
attention,attention
tenxor,tensor
encwder,encoder
algrithm,algorithm
endoder,encoder
dceoder,decoder
architeocture,architecture
decoer,decoder
dceoder,decoder
architecture,architecture
algotithm,algorithm
encodre,encoder
yptorch,pytorch
grajient,gradient
sttention,attention
pyeorch,pytorch
decodr,decoder
grsadient,gradient
decodr,decoder
gradment,gradient
architecture,architecture
fradient,gradient
sxquence,sequence
sequence,sequence
putorch,pytorch
pytrch,pytorch
gradeint,gradient
architbecture,architecture
architemcture,architecture
tynsor,tensor
architectuer,architecture
attentiobn,attention
netwohrk,network
encoder,encoder
encodeer,encoder
alqorithm,algorithm
ensor,tensor
smequence,sequence
grdaient,gradient
rgadient,gradient
sequecne,sequence
pytorah,pytorch
algorithm,algorithm
algoirthm,algorithm
attenticn,attention
seiuence,sequence
network,network
tensor,tensor
algokithm,algorithm
enmoder,encoder
gradeint,gradient
gradivnt,gradient
encodeg,encoder
algorithm,algorithm
decodzer,decoder
encoder,encoder
attetnion,attention
attentioln,attention
ncetwork,network
encwoder,encoder
pytorcbh,pytorch
archvtecture,architecture
gradietn,gradient
archtiecture,architecture
tesnor,tensor
tfnsor,tensor
nework,network
network,network
architectur,architecture
seuqence,sequence
tnesor,tensor
tensor,tensor
netowrk,network
attentin,attention
algorittm,algorithm
decpoder,decoder
architecture,architecture
pytorch,pytorch
sequence,sequence
pyorch,pytorch
arcaitecture,architecture
decodqer,decoder
tatention,attention
netwcrk,network
encoder,encoder
attention,attention
encxoder,encoder
archnitecture,architecture
algorithm,algorithm
pytorch,pytorch
arhitecture,architecture
gradient,gradient
pytroch,pytorch
encoedr,encoder
encoder,encoder
decodker,decoder
decodeer,decoder
onetwork,network
algoritm,algorithm
gradient,gradient
network,network
vecoder,decoder
network,network
algoritdhm,algorithm
arcmhitecture,architecture
pytorch,pytorch
netzork,network
demoder,decoder
enrcoder,encoder
algorithm,algorithm
seqeunce,sequence
smquence,sequence
encoer,encoder
decpoder,decoder
archtiecture,architecture
sequenice,sequence
tesnor,tensor
grradient,gradient
ailgorithm,algorithm
decoer,decoder
tesnor,tensor
attentoin,attention
gardient,gradient
etnsor,tensor
tensor,tensor
archqtecture,architecture
algofrithm,algorithm
gradfent,gradient
algorithm,algorithm
jnetwork,network
netwok,network
sequeknce,sequence
attentibon,attention
pytrch,pytorch
lencoder,encoder
tensor,tensor
pjytorch,pytorch
decoder,decoder
gradievnt,gradient
sequenec,sequence
network,network
gradietn,gradient
sequence,sequence
pytorch,pytorch
gradhent,gradient
tensor,tensor
attentiun,attention
dvcoder,decoder
architbecture,architecture
tnsor,tensor
sequencn,sequence
pykorch,pytorch
networu,network
tensoh,tensor
decoder,decoder
sequenec,sequence
sequence,sequence
architecpure,architecture
alggorithm,algorithm
netwxrk,network
pydtorch,pytorch
architectur,architecture
algoithm,algorithm
encoer,encoder
sqeuence,sequence
atetntion,attention
decoder,decoder
decoder,decoder
netaork,network
tesor,tensor
encoder,encoder
encoedr,encoder
ncoder,encoder
tensor,tensor
algorithm,algorithm
nework,network
algozrithm,algorithm
tenosr,tensor
ptorch,pytorch
decoder,decoder
sequenec,sequence
architecture,architecture
encoler,encoder
pytorc,pytorch
seuence,sequence
sequexce,sequence
networ,network
attentin,attention
ecoder,encoder
pytorch,pytorch
sequenje,sequence
acrhitecture,architecture
encoder,encoder
gradinet,gradient
gradiet,gradient
etwork,network
gradient,gradient
graident,gradient
pykorch,pytorch
adgorithm,algorithm
sequence,sequence
architectuwre,architecture
network,network
attention,attention
gradient,gradient
algorthm,algorithm
algroithm,algorithm
netowrk,network
enoder,encoder
attention,attention
ncoder,encoder
decoer,decoder
entwork,network
attentionn,attention
attentino,attention
rgadient,gradient
architecture,architecture
deccoder,decoder
gradinet,gradient
achitecture,architecture
decover,decoder
sequecne,sequence
archmtecture,architecture
algorithm,algorithm
sequecne,sequence
tttention,attention
gradieut,gradient
attenion,attention
decoder,decoder
attentino,attention
tensor,tensor
attention,attention
sequnce,sequence
algorithm,algorithm
encodew,encoder
rytorch,pytorch
encoedr,encoder
arnhitecture,architecture
ntework,network
encodeer,encoder
sequence,sequence
algortihm,algorithm
sequnce,sequence
attention,attention
attentgion,attention
ttensor,tensor
gadient,gradient
tenshor,tensor
attention,attention
decodre,decoder
tenksor,tensor
pytorc,pytorch
dncoder,decoder
encoder,encoder
attenaion,attention
netowork,network
algorithm,algorithm
pytocrh,pytorch
decode,decoder
atteniton,attention
nvetwork,network
pytorch,pytorch
newtork,network
decoder,decoder
erchitecture,architecture
pytorc,pytorch
algoirthm,algorithm
decodre,decoder
attention,attention
attention,attention
architecture,architecture
gradient,gradient
sequence,sequence
decoder,decoder
algnorithm,algorithm
netork,network
pytocrh,pytorch
algrithm,algorithm
vecoder,decoder
ntework,network
pytoch,pytorch
edcoder,decoder
gradient,gradient
algoirthm,algorithm
attetnion,attention
decoder,decoder
gradinet,gradient
ytorch,pytorch
gradeint,gradient
encoder,encoder
lagorithm,algorithm
pytorc,pytorch
achitecture,architecture
netwokr,network
encuoder,encoder
attenution,attention
pytojrch,pytorch
algrithm,algorithm
archtiecture,architecture
tenssor,tensor
tensor,tensor
algorithm,algorithm
ajttention,attention
alttention,attention
nradient,gradient
pytorah,pytorch
sequence,sequence
tenso,tensor
attentiozn,attention
encder,encoder
attenteon,attention
tnsor,tensor
sequengce,sequence
esquence,sequence
tensor,tensor
attengion,attention
netcwork,network
pytorcsh,pytorch
pytcorch,pytorch
pymtorch,pytorch
network,network
decoder,decoder
algoricthm,algorithm
gradient,gradient
equence,sequence
network,network
attetion,attention
setwork,network
graient,gradient
decoder,decoder
sequenace,sequence
encoder,encoder
sequrnce,sequence
deocder,decoder
encder,encoder
decodqer,decoder
algorihm,algorithm
arcsitecture,architecture
sequance,sequence
tegsor,tensor
ptorch,pytorch
attention,attention
isequence,sequence
network,network
tenosr,tensor
dencoder,encoder
tyensor,tensor
pyorch,pytorch
encode,encoder
attelntion,attention
algorithcm,algorithm
sjquence,sequence
architecutre,architecture
arcxhitecture,architecture
qecoder,decoder
encoder,encoder
netork,network
sequece,sequence
gradient,gradient
algrithm,algorithm
tenszr,tensor
gadient,gradient
seqxuence,sequence
attention,attention
aytention,attention
decodet,decoder
architecture,architecture
netowrk,network
gradietn,gradient
deaoder,decoder
encoder,encoder
sequencpe,sequence
algorithm,algorithm
architfecture,architecture
tensro,tensor
encodar,encoder
netwfrk,network
tnesor,tensor
dcoder,decoder
lgorithm,algorithm
grdient,gradient
architecture,architecture
idecoder,decoder
pytoich,pytorch
tesor,tensor
network,network
encodezr,encoder
tesnor,tensor
netwvork,network
graident,gradient
encoder,encoder
gradiemnt,gradient
tenpsor,tensor
network,network
algoritmh,algorithm
pytorc,pytorch
architcture,architecture
algorithxm,algorithm
encoder,encoder
tensor,tensor
qytorch,pytorch
architecutre,architecture
tenso,tensor
gradient,gradient
arceitecture,architecture
enocder,encoder
attetnion,attention
gradient,gradient
tenior,tensor
devoder,decoder
ncoder,encoder
ugradient,gradient
attentio,attention
architceture,architecture
edcoder,decoder
ialgorithm,algorithm
tnsor,tensor
atctention,attention
ngtwork,network
gradient,gradient
decoder,decoder
algojithm,algorithm
architectuer,architecture
encode,encoder
architecure,architecture
neltwork,network
attention,attention
gadient,gradient
netwrk,network
network,network
gttention,attention
decoder,decoder
graient,gradient
pytoorch,pytorch
encode,encoder
seqeunce,sequence
decxder,decoder
architecbure,architecture
algorithm,algorithm
encoder,encoder
jgradient,gradient
sequenc,sequence
sequence,sequence
seqtence,sequence
netword,network
suquence,sequence
netowrk,network
algorithm,algorithm
seqence,sequence
necoder,encoder
architecturt,architecture
seqeunce,sequence
decodter,decoder
network,network
sequentce,sequence
gradkent,gradient
tensor,tensor
attetion,attention
sequence,sequence
etnsor,tensor
pytorch,pytorch
algoyrithm,algorithm
yptorch,pytorch
architecture,architecture
grxdient,gradient
pytornch,pytorch
encozer,encoder
network,network
stensor,tensor
tetnsor,tensor
encopder,encoder
decder,decoder
entwork,network
tensor,tensor
pyforch,pytorch
algorihm,algorithm
netvork,network
decoded,decoder
aglorithm,algorithm
ytorch,pytorch
ahchitecture,architecture
lagorithm,algorithm
sequencu,sequence
seuqence,sequence
attentnon,attention
rachitecture,architecture
xattention,attention
attyntion,attention
llgorithm,algorithm
ensor,tensor
encoder,encoder
architecture,architecture
sequenre,sequence
ecoder,decoder
gradiena,gradient
pyorch,pytorch
entwork,network
elgorithm,algorithm
gragient,gradient
rarchitecture,architecture
sequrnce,sequence
algqrithm,algorithm
encoder,encoder
decder,decoder
pytorhc,pytorch
encoder,encoder
architcture,architecture
tenor,tensor
pqtorch,pytorch
architectre,architecture
encoyder,encoder
alorithm,algorithm
acrhitecture,architecture
pytforch,pytorch
encoder,encoder
architectuire,architecture
attehntion,attention
encodee,encoder
architeture,architecture
encodr,encoder
patorch,pytorch
hnetwork,network
nepwork,network
vensor,tensor
ndetwork,network
tenso,tensor
gkadient,gradient
tnsor,tensor
attentino,attention
dexoder,decoder
tensor,tensor
netwrok,network
decjoder,decoder
architetcure,architecture
grdient,gradient
mytorch,pytorch
graodient,gradient
alngorithm,algorithm
sequence,sequence
ppytorch,pytorch
nework,network
decoder,decoder
tetsor,tensor
arcihtecture,architecture
algojrithm,algorithm
architecutre,architecture
architgcture,architecture
encxoder,encoder
ecnoder,encoder
arcihtecture,architecture
tensor,tensor
seqeunce,sequence
grdient,gradient
tensor,tensor
deoder,decoder
etwork,network
archiecture,architecture
encder,encoder
sequencb,sequence
pytorcmh,pytorch
architectdre,architecture
encoedr,encoder
pyorch,pytorch
encdoer,encoder
gradiebt,gradient
archietcture,architecture
tatention,attention
decode,decoder
pytocrch,pytorch
attentoin,attention
attetion,attention
encader,encoder
decoder,decoder
decoder,decoder
netwbrk,network
ecoder,encoder
ensor,tensor
algoritmh,algorithm
tenso,tensor
radient,gradient
algorijhm,algorithm
qencoder,encoder
atention,attention
encodejr,encoder
attenton,attention
gradient,gradient
decoder,decoder
aittention,attention
pymtorch,pytorch
tenosr,tensor
gradiest,gradient
grayient,gradient
gradiept,gradient
attehtion,attention
pytorfh,pytorch
pytorch,pytorch
arczhitecture,architecture
decoder,decoder
attentin,attention
tenssor,tensor
lgorithm,algorithm
sequnce,sequence
encoder,encoder
pytorch,pytorch
algofrithm,algorithm
nequence,sequence
nztwork,network
sequece,sequence
architxcture,architecture
tnsor,tensor
tensor,tensor
algorithm,algorithm
necoder,encoder
attention,attention
encoer,encoder
gradient,gradient
deyoder,decoder
senuence,sequence
scequence,sequence
algovrithm,algorithm
eancoder,encoder
pytorch,pytorch
sequeonce,sequence
network,network
pytorh,pytorch
tensr,tensor
architechure,architecture
encode,encoder
igradient,gradient
decoder,decoder
architecure,architecture
tonsor,tensor
sequence,sequence
entwork,network
pkytorch,pytorch
deocder,decoder
sequence,sequence
decojder,decoder
gradient,gradient
encodter,encoder
netwok,network
algorithm,algorithm
sequence,sequence
yetwork,network
encode,encoder
oncoder,encoder
pytorc,pytorch
pytroch,pytorch
enocder,encoder
sequenc,sequence
algoritm,algorithm
pytorch,pytorch
gradiehnt,gradient
algortihm,algorithm
ecnoder,encoder
attentizn,attention
architecture,architecture
teysor,tensor
tensoq,tensor
attenthion,attention
bsequence,sequence
sequeoce,sequence
encoder,encoder
architecture,architecture
txensor,tensor
sequenec,sequence
alcorithm,algorithm
deczder,decoder
tesor,tensor
attntion,attention
architectkure,architecture
sequence,sequence
tpytorch,pytorch
pytorch,pytorch
netowrk,network
setwork,network
architectture,architecture
gradien,gradient
sequence,sequence
decoder,decoder
network,network
tenor,tensor
ldecoder,decoder
attentioxn,attention
aottention,attention
algorithm,algorithm
encoder,encoder
tegnsor,tensor
ncoder,encoder
netwok,network
tnesor,tensor
decode,decoder
edecoder,decoder
encoder,encoder
pytrrch,pytorch
pytowch,pytorch
encjoder,encoder
architecture,architecture
sjequence,sequence
enscoder,encoder
tnsor,tensor
pytirch,pytorch
decodwr,decoder
actention,attention
temsor,tensor
sequence,sequence
attevntion,attention
algorihhm,algorithm
encouder,encoder
gradient,gradient
sequenci,sequence
netwrk,network
netwokr,network
decoder,decoder
seqyuence,sequence
grauient,gradient
netwomk,network
gadient,gradient
tiensor,tensor
gradixnt,gradient
encdoer,encoder
architecture,architecture
tenwor,tensor
atention,attention
pnetwork,network
gradent,gradient
algoriwthm,algorithm
negwork,network
sequence,sequence
decoder,decoder
algoyithm,algorithm
entwork,network
decmder,decoder
tenseor,tensor
cnetwork,network
seqpuence,sequence
tensro,tensor
netwok,network
seqnence,sequence
squence,sequence
pytorclh,pytorch
decoaer,decoder
architecture,architecture
enccder,encoder
tenskor,tensor
sequenec,sequence
decoder,decoder
ittention,attention
deoder,decoder
decoder,decoder
pytorch,pytorch
network,network
barchitecture,architecture
networb,network
setquence,sequence
algornithm,algorithm
iensor,tensor
xequence,sequence
sequencte,sequence
tenso,tensor
ntwork,network
gardient,gradient
ytorch,pytorch
seuence,sequence
atteniton,attention
sequnece,sequence
decodkr,decoder
dehcoder,decoder
seqence,sequence
retwork,network
aatention,attention
netwokr,network
decoder,decoder
rgadient,gradient
tenswr,tensor
network,network
nevwork,network
algorithm,algorithm
gradient,gradient
netowrk,network
calgorithm,algorithm
attefntion,attention
edcoder,decoder
eucoder,encoder
snequence,sequence
netwokr,network
graient,gradient
gradient,gradient
networpk,network
netwok,network
equence,sequence
algoritm,algorithm
netwrok,network
gradpient,gradient
attenion,attention
attenvtion,attention
pyorch,pytorch
soequence,sequence
pytorch,pytorch
decoder,decoder
tnesor,tensor
network,network
architecturk,architecture
attention,attention
encoder,encoder
encdoder,encoder
sequence,sequence
gradxent,gradient
pytrch,pytorch
gradient,gradient
ecoder,decoder
grdaient,gradient
nedtwork,network
deoder,decoder
decider,decoder
alxorithm,algorithm
attention,attention
gradcient,gradient
algborithm,algorithm
encsoder,encoder
attnetion,attention
alogrithm,algorithm
decodem,decoder
encoder,encoder
ensor,tensor
pytorch,pytorch
tensor,tensor
network,network
gradient,gradient
netork,network
alzgorithm,algorithm
network,network
tenosr,tensor
tensor,tensor
ecoder,decoder
decodeh,decoder
architecture,architecture
pytorh,pytorch
azchitecture,architecture
netork,network
pytocrh,pytorch
sequene,sequence
zequence,sequence
tenosr,tensor
dmcoder,decoder
networm,network
arcyhitecture,architecture
encoder,encoder
attntion,attention
tenson,tensor
nztwork,network
archeitecture,architecture
attentiosn,attention
sequetnce,sequence
netwokr,network
tesor,tensor
tenosr,tensor
algsrithm,algorithm
seqence,sequence
attention,attention
algorithm,algorithm
attenton,attention
necoder,encoder
archyitecture,architecture
gradent,gradient
nezwork,network
archytecture,architecture
algoritm,algorithm
ytorch,pytorch
tnsor,tensor
architecture,architecture
tensjr,tensor
attentdion,attention
encoder,encoder
tecoder,decoder
cncoder,encoder
architectture,architecture
attnetion,attention
attention,attention
telnsor,tensor
ecoder,decoder
grdient,gradient
gradiqent,gradient
graient,gradient
decoer,decoder
algofrithm,algorithm
netwcork,network
sequenfe,sequence
enzcoder,encoder
tnsor,tensor
yptorch,pytorch
tenso,tensor
gradint,gradient
sequance,sequence
atmtention,attention
radient,gradient
taensor,tensor
network,network
attention,attention
nework,network
densor,tensor
attention,attention
architecture,architecture
pytopch,pytorch
encoder,encoder
attention,attention
gradieny,gradient
encoder,encoder
seuqence,sequence
ternsor,tensor
rattention,attention
decpoder,decoder
tensoir,tensor
attention,attention
algorithm,algorithm
tensodr,tensor
encodre,encoder
encodr,encoder
network,network
pytorch,pytorch
sequence,sequence
tenosr,tensor
arcitecture,architecture
architectur,architecture
architecturke,architecture
tensor,tensor
ttention,attention
attention,attention
tensr,tensor
network,network
algorivthm,algorithm
itensor,tensor
fpytorch,pytorch
netwrk,network
ncoder,encoder
sequence,sequence
newtork,network
etwork,network
attewntion,attention
attentoin,attention
encoder,encoder
pytorch,pytorch
rattention,attention
pytorcy,pytorch
aelgorithm,algorithm
dfecoder,decoder
aljorithm,algorithm
attention,attention
architceture,architecture
dercoder,decoder
sequece,sequence
ttention,attention
achitecture,architecture
dexoder,decoder
algporithm,algorithm
fttention,attention
goadient,gradient
gradeint,gradient
netwolrk,network
rachitecture,architecture
ntework,network
squence,sequence
ncoder,encoder
sequenec,sequence
gradtent,gradient
algoithm,algorithm
enecoder,encoder
anlgorithm,algorithm
graidient,gradient
dceoder,decoder
attention,attention
architecture,architecture
tenror,tensor
gradeint,gradient
pytorc,pytorch
decodre,decoder
sexquence,sequence
newtork,network
network,network
atention,attention
netwrok,network
attentin,attention
dvcoder,decoder
deccder,decoder
algorithm,algorithm
decoder,decoder
ptyorch,pytorch
ecoder,decoder
sequence,sequence
ensor,tensor
encoder,encoder
encoder,encoder
tvensor,tensor
architacture,architecture
ensor,tensor
decoder,decoder
peytorch,pytorch
tensor,tensor
decdoer,decoder
pytorch,pytorch
tensor,tensor
atftention,attention
kattention,attention
esquence,sequence
sqeuence,sequence
networo,network
tensoj,tensor
attnetion,attention
flgorithm,algorithm
encoedr,encoder
gradien,gradient
sequencl,sequence
ecoder,encoder
aqrchitecture,architecture
gradienat,gradient
decoder,decoder
pytorch,pytorch
algorithm,algorithm
encodr,encoder
network,network
jalgorithm,algorithm
awttention,attention
tlnsor,tensor
netwodrk,network
tensmor,tensor
decoder,decoder
attentiob,attention
ptorch,pytorch
attention,attention
decoder,decoder
architeture,architecture
decoder,decoder
squence,sequence
algorith,algorithm
network,network
decoder,decoder
grxdient,gradient
algorithm,algorithm
tensr,tensor
attetion,attention
encyder,encoder
archidtecture,architecture
network,network
architeture,architecture
arychitecture,architecture
gradient,gradient
decodre,decoder
attention,attention
architcture,architecture
gradient,gradient
gqadient,gradient
netwurk,network
gradiient,gradient
algoriuhm,algorithm
algoithm,algorithm
network,network
algoritmh,algorithm
attnetion,attention
encoder,encoder
ppytorch,pytorch
unetwork,network
alegorithm,algorithm
architecture,architecture
graient,gradient
dceoder,decoder
tenpor,tensor
attetnion,attention
architecture,architecture
pytorch,pytorch
gradinet,gradient
network,network
gradiett,gradient
sequehnce,sequence
tenshr,tensor
nethwork,network
attention,attention
enoder,encoder
tesnor,tensor
tensor,tensor
algoritm,algorithm
algorithm,algorithm
gradient,gradient
tenor,tensor
gradient,gradient
attetnion,attention
sequence,sequence
sqeuence,sequence
rachitecture,architecture
attentioen,attention
atbtention,attention
gradietn,gradient
decodelr,decoder
gradinet,gradient
algzorithm,algorithm
gradient,gradient
tendor,tensor
ecnoder,encoder
ttensor,tensor
ecoder,encoder
odecoder,decoder
network,network
gradient,gradient
decoder,decoder
szquence,sequence
algoritrm,algorithm
atention,attention
algoirthm,algorithm
network,network
encoder,encoder
sequence,sequence
ncoder,encoder
algorituhm,algorithm
netork,network
pygorch,pytorch
anchitecture,architecture
sevquence,sequence
dpytorch,pytorch
tensmor,tensor
algoirthm,algorithm
network,network
attention,attention
pytonrch,pytorch
netwlrk,network
sequnce,sequence
pytorch,pytorch
cencoder,encoder
netwrk,network
architecture,architecture
pytourch,pytorch
ncoder,encoder
npytorch,pytorch
decodr,decoder
tensor,tensor
adecoder,decoder
attentiob,attention
attention,attention
sequjnce,sequence
dcoder,decoder
garchitecture,architecture
ntework,network
decodeur,decoder
algoirthm,algorithm
decode,decoder
sequnce,sequence
archilecture,architecture
pbytorch,pytorch
tenosr,tensor
gradiet,gradient
network,network
seqvuence,sequence
decodeq,decoder
etwork,network
rachitecture,architecture
oequence,sequence
teusor,tensor
algorithm,algorithm
swquence,sequence
xdecoder,decoder
algvrithm,algorithm
gwradient,gradient
tesor,tensor
tesor,tensor
pytorch,pytorch
attention,attention
pgtorch,pytorch
attention,attention
ensor,tensor
tesor,tensor
decoier,decoder
pytoch,pytorch
decodeyr,decoder
demoder,decoder
netwokr,network
algorihtm,algorithm
attenion,attention
architecture,architecture
decoder,decoder
upytorch,pytorch
architectoure,architecture
atptention,attention
sequebce,sequence
tenqor,tensor
sequence,sequence
gradiett,gradient
netwokr,network
decoder,decoder
pytorch,pytorch
entwork,network
attention,attention
gradiet,gradient
pytomch,pytorch
decoder,decoder
rachitecture,architecture
algoritam,algorithm
rgadient,gradient
attentwon,attention
algorithx,algorithm
network,network
algoritm,algorithm
pytorc,pytorch
dpytorch,pytorch
netwvrk,network
yptorch,pytorch
architecture,architecture
pytorch,pytorch
sqeuence,sequence
networkk,network
deoder,decoder
attention,attention
ntework,network
architecture,architecture
sequemce,sequence
necoder,encoder
architecture,architecture
networn,network
architectuer,architecture
network,network
tencsor,tensor
encoder,encoder
yttention,attention
tensom,tensor
tensr,tensor
gradient,gradient
attention,attention
encoder,encoder
architectare,architecture
attentin,attention
kgradient,gradient
pytxrch,pytorch
gfadient,gradient
squence,sequence
encder,encoder
encodes,encoder
attention,attention
equence,sequence
ietwork,network
alorithm,algorithm
gradeint,gradient
sequenec,sequence
altorithm,algorithm
tensor,tensor
algorithm,algorithm
attentsion,attention
archietcture,architecture
encoder,encoder
atttntion,attention
enoder,encoder
clgorithm,algorithm
lagorithm,algorithm
decdoer,decoder
gardient,gradient
grvadient,gradient
architlecture,architecture
decosder,decoder
aylgorithm,algorithm
encoder,encoder
tenvor,tensor
aochitecture,architecture
docoder,decoder
attentimon,attention
decodec,decoder
arichitecture,architecture
pymtorch,pytorch
attention,attention
alggorithm,algorithm
attention,attention
pyorch,pytorch
algorihm,algorithm
networe,network
encoder,encoder
netwrk,network
rachitecture,architecture
decoded,decoder
pytxrch,pytorch
pytoch,pytorch
attantion,attention
depoder,decoder
gradietn,gradient
netwok,network
tensr,tensor
ecoder,encoder
dradient,gradient
tesnor,tensor
pytosrch,pytorch
gradient,gradient
yncoder,encoder
algorithm,algorithm
tensr,tensor
tejsor,tensor
algorichm,algorithm
rgadient,gradient
algosithm,algorithm
dcoder,decoder
atention,attention
encoder,encoder
rgadient,gradient
pyqtorch,pytorch
atteention,attention
ecncoder,encoder
tenosr,tensor
algoribhm,algorithm
encodrr,encoder
sequene,sequence
tesor,tensor
achitecture,architecture
architeicture,architecture
decdder,decoder
decoer,decoder
architectue,architecture
encoder,encoder
rachitecture,architecture
pytorch,pytorch
attention,attention
tensoe,tensor
cecoder,decoder
decoder,decoder
encoder,encoder
encodre,encoder
decoder,decoder
gradient,gradient
netwrok,network
architectre,architecture
architeture,architecture
deccoder,decoder
pyotrch,pytorch
ecoder,decoder
encoder,encoder
decoder,decoder
rgradient,gradient
algorithem,algorithm
encmoder,encoder
grodient,gradient
sequence,sequence
decgder,decoder
pytorcnh,pytorch
netork,network
pytprch,pytorch
netwokr,network
sequence,sequence
ptorch,pytorch
sequece,sequence
sequence,sequence
tenkor,tensor
algoriithm,algorithm
gradient,gradient
pytroch,pytorch
decodr,decoder
attntion,attention
pyorch,pytorch
enicoder,encoder
ntework,network
grdient,gradient
gfadient,gradient
pytorch,pytorch
tnsor,tensor
gradient,gradient
decodev,decoder
architcture,architecture
pytrch,pytorch
ensor,tensor
pytorch,pytorch
getwork,network
encoder,encoder
attention,attention
arcxhitecture,architecture
tensr,tensor
archiecture,architecture
pytorch,pytorch
algorithm,algorithm
graident,gradient
atbention,attention
sequence,sequence
pytonrch,pytorch
pytorch,pytorch
ytorch,pytorch
ptyorch,pytorch
gradient,gradient
decodeer,decoder
encodear,encoder
decoer,decoder
doecoder,decoder
tensro,tensor
architepture,architecture
sequence,sequence
irchitecture,architecture
encdoer,encoder
pytorcth,pytorch
pyrtorch,pytorch
gradiuent,gradient
cradient,gradient
abgorithm,algorithm
encder,encoder
architecture,architecture
decode,decoder
tensor,tensor
gradsent,gradient
attention,attention
archtiecture,architecture
attentio,attention
tensor,tensor
architecture,architecture
network,network
decodqer,decoder
decodtr,decoder
arcgitecture,architecture
algorithf,algorithm
arxchitecture,architecture
seqhence,sequence
mgradient,gradient
gradient,gradient
attention,attention
nbtwork,network
pytorhc,pytorch
equence,sequence
nework,network
netmork,network
architecture,architecture
ntwork,network
grazient,gradient
encodec,encoder
gradinet,gradient
attention,attention
attention,attention
sequence,sequence
gradiment,gradient
tesor,tensor
grgadient,gradient
netork,network
etnsor,tensor
architecture,architecture
falgorithm,algorithm
decoedr,decoder
tenosr,tensor
tensor,tensor
tnsor,tensor
encoder,encoder
deuoder,decoder
gradient,gradient
gradiuent,gradient
decodher,decoder
algorihtm,algorithm
gradient,gradient
xetwork,network
gradient,gradient
evcoder,encoder
harchitecture,architecture
gradvent,gradient
gradiant,gradient
pyorch,pytorch
algvrithm,algorithm
newtork,network
gradint,gradient
gradien,gradient
glgorithm,algorithm
pyotrch,pytorch
decoder,decoder
algorithn,algorithm
attentioi,attention
architecwure,architecture
encoder,encoder
agorithm,algorithm
network,network
entwork,network
sequene,sequence
encodre,encoder
attentimon,attention
pyorch,pytorch
algoirthm,algorithm
letwork,network
kpytorch,pytorch
algoritmh,algorithm
decoder,decoder
rchitecture,architecture
encoder,encoder
architecutre,architecture
necoder,encoder
ptyorch,pytorch
architeckure,architecture
architecture,architecture
architecture,architecture
tensor,tensor
pytohch,pytorch
network,network
garadient,gradient
encodr,encoder
algorihtm,algorithm
fetwork,network
encoder,encoder
attentiosn,attention
encode,encoder
ggadient,gradient
gradient,gradient
architecturle,architecture
algorithm,algorithm
enocder,encoder
pytotrch,pytorch
algoritmh,algorithm
pytorch,pytorch
rgadient,gradient
architecture,architecture
decoder,decoder
sradient,gradient
encoder,encoder
tensor,tensor
algoritqm,algorithm
attention,attention
tennor,tensor
encolder,encoder
kencoder,encoder
ducoder,decoder
tensor,tensor
gradpient,gradient
dalgorithm,algorithm
tensoc,tensor
pytorgch,pytorch
gradent,gradient
network,network
architpcture,architecture
tatention,attention
puytorch,pytorch
netwrok,network
dzcoder,decoder
algorthm,algorithm
atention,attention
oencoder,encoder
tentsor,tensor
shquence,sequence
network,network
attmntion,attention
nettork,network
archwitecture,architecture
nxtwork,network
sequenye,sequence
architecture,architecture
networv,network
tensor,tensor
architecutre,architecture
encogder,encoder
encoder,encoder
esquence,sequence
decoder,decoder
atteniton,attention
decodee,decoder
attentipon,attention
encoedr,encoder
necoder,encoder
sequece,sequence
tesor,tensor
enfoder,encoder
ensor,tensor
sequenc,sequence
pytorch,pytorch
tegsor,tensor
neetwork,network
pytorcgh,pytorch
attpntion,attention
architectude,architecture
architecture,architecture
gradient,gradient
pytorbh,pytorch
sequbence,sequence
encdoer,encoder
augorithm,algorithm
algormthm,algorithm
tensor,tensor
encdoer,encoder
teknsor,tensor
tensr,tensor
sequene,sequence
algjorithm,algorithm
gradienlt,gradient
dxcoder,decoder
gradirnt,gradient
algoithm,algorithm
decoedr,decoder
seqmence,sequence
pytorc,pytorch
pytonch,pytorch
tjensor,tensor
necoder,encoder
sequetce,sequence
ecoder,decoder
enoder,encoder
pyorch,pytorch
newtork,network
gradiedt,gradient
sequnce,sequence
network,network
deocder,decoder
gradient,gradient
encodoer,encoder
architecture,architecture
pytoerch,pytorch
iarchitecture,architecture
gradent,gradient
dcoder,decoder
tnesor,tensor
graxdient,gradient
gradiesnt,gradient
arcihtecture,architecture
lagorithm,algorithm
algorithm,algorithm
attention,attention
algroithm,algorithm
sequecne,sequence
gradiet,gradient
dcoder,decoder
gradient,gradient
gradient,gradient
sequencw,sequence
decodr,decoder
decodfr,decoder
pytorch,pytorch
decoder,decoder
attention,attention
decodper,decoder
gradienit,gradient
encodre,encoder
aluorithm,algorithm
decodier,decoder
architvecture,architecture
algoritm,algorithm
adgorithm,algorithm
tensor,tensor
sequence,sequence
tensox,tensor
decodxer,decoder
netowrk,network
sequecne,sequence
dezcoder,decoder
decoder,decoder
encoder,encoder
gradent,gradient
ptyorch,pytorch
encoder,encoder
encoder,encoder
architectre,architecture
seqmuence,sequence
pytroch,pytorch
tensot,tensor
pytorcnh,pytorch
rgadient,gradient
gqadient,gradient
decoder,decoder
attentizon,attention
algorihtm,algorithm
ecoder,decoder
gradeint,gradient
necoder,encoder
pytorbch,pytorch
attetion,attention
pytorch,pytorch
gardient,gradient
grandient,gradient
atteition,attention
decode,decoder
nmtwork,network
pgtorch,pytorch
tenstr,tensor
ptorch,pytorch
ducoder,decoder
network,network
encoder,encoder
tensor,tensor
gradient,gradient
grarient,gradient
yptorch,pytorch
architecutre,architecture
tenosr,tensor
pytorh,pytorch
encogder,encoder
rachitecture,architecture
dtensor,tensor
encoder,encoder
attetion,attention
decodex,decoder
architectuore,architecture
tenso,tensor
gradibnt,gradient
decoder,decoder
archiecture,architecture
dgecoder,decoder
encoder,encoder
nework,network
deocoder,decoder
algiorithm,algorithm
tesnor,tensor
tensor,tensor
tensor,tensor
decodger,decoder
encode,encoder
seuence,sequence
pytoch,pytorch
attention,attention
yptorch,pytorch
pytoorch,pytorch
pytoruch,pytorch
gradrient,gradient
sequencie,sequence
udecoder,decoder
architecture,architecture
netwrok,network
encoder,encoder
algorithm,algorithm
ptyorch,pytorch
decode,decoder
archiptecture,architecture
decoder,decoder
attenton,attention
gradint,gradient
debcoder,decoder
gardient,gradient
netwrok,network
hsequence,sequence
decode,decoder
algorihtm,algorithm
jradient,gradient
ptensor,tensor
attention,attention
netwokr,network
radient,gradient
attentlon,attention
architecture,architecture
rchitecture,architecture
senquence,sequence
attentiotn,attention
tensor,tensor
pytorqh,pytorch
decdoer,decoder
tnsor,tensor
tvnsor,tensor
decder,decoder
gradeient,gradient
attntion,attention
algorithem,algorithm
attention,attention
encodenr,encoder
pyotrch,pytorch
encodkr,encoder
pytorch,pytorch
pytrch,pytorch
network,network
sequencfe,sequence
sequfnce,sequence
yptorch,pytorch
attention,attention
archjitecture,architecture
sequence,sequence
mradient,gradient
decder,decoder
detcoder,decoder
tepsor,tensor
architectgre,architecture
attenion,attention
esquence,sequence
network,network
thensor,tensor
attetion,attention
deoder,decoder
deoder,decoder
aqgorithm,algorithm
aglorithm,algorithm
graeient,gradient
encodr,encoder
encoder,encoder
gardient,gradient
network,network
decode,decoder
pyktorch,pytorch
enoder,encoder
letwork,network
seqeence,sequence
gradient,gradient
pytorcoh,pytorch
dceoder,decoder
archtecture,architecture
graadient,gradient
encoedr,encoder
netork,network
network,network
njtwork,network
pytorcp,pytorch
architcture,architecture
rachitecture,architecture
encoder,encoder
atention,attention
netoork,network
sqquence,sequence
slgorithm,algorithm
pyorch,pytorch
attention,attention
tesnor,tensor
rtensor,tensor
network,network
grdadient,gradient
gradient,gradient
arlhitecture,architecture
attention,attention
necoder,encoder
necoder,encoder
algorihtm,algorithm
edcoder,decoder
networa,network
algqrithm,algorithm
network,network
attention,attention
encoder,encoder
pytorbch,pytorch
tttention,attention
algorithm,algorithm
decoedr,decoder
fdecoder,decoder
dcoder,decoder
atention,attention
graident,gradient
attegntion,attention
atteztion,attention
algorhthm,algorithm
architectuer,architecture
netwrk,network
decdoer,decoder
netwok,network
architectuer,architecture
ottention,attention
radient,gradient
debcoder,decoder
decoder,decoder
algoritdhm,algorithm
sequenec,sequence
algorithm,algorithm
seqbuence,sequence
network,network
networek,network
gradiet,gradient
tjensor,tensor
ecnoder,encoder
ataention,attention
networb,network
archibecture,architecture
gradeint,gradient
gradient,gradient
algorithm,algorithm
pytorhc,pytorch
attention,attention
tesnor,tensor
archetecture,architecture
decodr,decoder
decoder,decoder
aleorithm,algorithm
gradbient,gradient
network,network
seuence,sequence
decoer,decoder
encoder,encoder
encgder,encoder
algoxithm,algorithm
architecutre,architecture
graient,gradient
architecture,architecture
decoer,decoder
algorihm,algorithm
sequence,sequence
attention,attention
algoritmh,algorithm
lensor,tensor
gradienct,gradient
ntwork,network
algcorithm,algorithm
ntework,network
gradiext,gradient
pyorch,pytorch
pytirch,pytorch
sequebnce,sequence
architecture,architecture
gradint,gradient
pytoch,pytorch
yptorch,pytorch
encode,encoder
sequience,sequence
tensor,tensor
tatention,attention
grasdient,gradient
tensor,tensor
gradiexnt,gradient
encoder,encoder
gradinet,gradient
decodre,decoder
pytroch,pytorch
dgcoder,decoder
necoder,encoder
encoer,encoder
malgorithm,algorithm
pytorch,pytorch
sequenec,sequence
arhhitecture,architecture
tensor,tensor
gradieint,gradient
necoder,encoder
grudient,gradient
arcitecture,architecture
etwork,network
archiecture,architecture
grajdient,gradient
decodr,decoder
attentoin,attention
algorsthm,algorithm
tensor,tensor
netwrok,network
encoder,encoder
yptorch,pytorch
architecture,architecture
atetention,attention
pytoxrch,pytorch
neutwork,network
decodre,decoder
tensro,tensor
etnsor,tensor
architkcture,architecture
htensor,tensor
architexture,architecture
sequence,sequence
tenosr,tensor
pytorh,pytorch
seqeunce,sequence
pvtorch,pytorch
algorihtm,algorithm
sequenmce,sequence
architectuer,architecture
radient,gradient
algorithm,algorithm
architecture,architecture
sequnce,sequence
debcoder,decoder
network,network
architecture,architecture
architecure,architecture
pstorch,pytorch
gradirnt,gradient
tnesor,tensor
networjk,network
architectur,architecture
sequene,sequence
aligorithm,algorithm
architecture,architecture
necoder,encoder
decoder,decoder
ttention,attention
archiecture,architecture
sezquence,sequence
attention,attention
decoder,decoder
archietcture,architecture
architectuer,architecture
encoder,encoder
pythrch,pytorch
tensor,tensor
decoder,decoder
gradint,gradient
network,network
netwok,network
architenture,architecture
gradisnt,gradient
attendion,attention
pencoder,encoder
decoder,decoder
pytorch,pytorch
algoritfhm,algorithm
sequeqce,sequence
networl,network
sequnece,sequence
gradint,gradient
attention,attention
algroithm,algorithm
architecturm,architecture
network,network
seqdence,sequence
decoder,decoder
sequenc,sequence
tensor,tensor
algorwithm,algorithm
architecture,architecture
pytorchh,pytorch
sequance,sequence
setuence,sequence
networj,network
tcnsor,tensor
xetwork,network
decoedr,decoder
attjention,attention
attenton,attention
netwoork,network
encder,encoder
attentino,attention
gradient,gradient
encooder,encoder
attantion,attention
setwork,network
architecture,architecture
tnesor,tensor
decoder,decoder
networ,network
pqtorch,pytorch
algoritlhm,algorithm
pytorch,pytorch
algqrithm,algorithm
algorithm,algorithm
attenton,attention
gradiecnt,gradient
grazdient,gradient
gradient,gradient
archioecture,architecture
sequence,sequence
tensor,tensor
algoxrithm,algorithm
ensor,tensor
network,network
atteniton,attention
sequecne,sequence
sewuence,sequence
algorithvm,algorithm
algolithm,algorithm
neztwork,network
algorithm,algorithm
attention,attention
algorithk,algorithm
grvdient,gradient
tesnor,tensor
pytyrch,pytorch
necoder,encoder
deoder,decoder
algorithc,algorithm
gradkient,gradient
netawork,network
ecoder,encoder
decoder,decoder
ensor,tensor
archivecture,architecture
tensro,tensor
wetwork,network
encoder,encoder
gradient,gradient
algorithhm,algorithm
pytroch,pytorch
tensro,tensor
alorithm,algorithm
sequkence,sequence
netowrk,network
encodger,encoder
network,network
etnsor,tensor
tensor,tensor
skquence,sequence
tensor,tensor
encoder,encoder
algoithm,algorithm
architectre,architecture
encoder,encoder
seuquence,sequence
ensor,tensor
pytorch,pytorch
attetion,attention
attntion,attention
dedcoder,decoder
eccoder,encoder
equence,sequence
pytohch,pytorch
gramdient,gradient
sequence,sequence
network,network
pytorch,pytorch
pytorch,pytorch
pytolrch,pytorch
encoqer,encoder
sequence,sequence
secquence,sequence
encoder,encoder
pytrrch,pytorch
atetntion,attention
sehuence,sequence
tenvor,tensor
attnetion,attention
algorith,algorithm
decodre,decoder
encoder,encoder
encoder,encoder
alaorithm,algorithm
encoder,encoder
architecturxe,architecture
architectuer,architecture
mecoder,decoder
tensor,tensor
sequencm,sequence
networ,network
pytorch,pytorch
attentino,attention
architecture,architecture
pytrch,pytorch
seqence,sequence
decoder,decoder
gradicnt,gradient
architecture,architecture
alsgorithm,algorithm
gradient,gradient
gardient,gradient
algorithm,algorithm
attention,attention
sequece,sequence
encoder,encoder
netwrk,network
archiztecture,architecture
architecture,architecture
decoer,decoder
decojder,decoder
netwok,network
dcoder,decoder
sequenec,sequence
enoder,encoder
sequencce,sequence
radient,gradient
pytorh,pytorch
wytorch,pytorch
sequence,sequence
tensdor,tensor
tatention,attention
attntion,attention
dexcoder,decoder
pystorch,pytorch
attentiun,attention
attention,attention
architectkre,architecture
enocder,encoder
vncoder,encoder
entwork,network
sequence,sequence
smquence,sequence
encozer,encoder
encoer,encoder
algowrithm,algorithm
pytolrch,pytorch
vecoder,decoder
sequnece,sequence
tensotr,tensor
arhitecture,architecture
architectue,architecture
neywork,network
sezuence,sequence
attention,attention
grdaient,gradient
tejsor,tensor
tensr,tensor
gratient,gradient
dcoder,decoder
grodient,gradient
architecturpe,architecture
graqient,gradient
pytorcq,pytorch
decodepr,decoder
